id,asins,brand,categories,colors,dateAdded,dateUpdated,dimension,ean,keys,manufacturer,manufacturerNumber,name,prices,reviews.date,reviews.doRecommend,reviews.numHelpful,reviews.rating,reviews.sourceURLs,reviews.text,reviews.title,reviews.userCity,reviews.userProvince,reviews.username,sizes,upc,weight
AVpe7AsMilAPnD_xQ78G,B00QJDU3KY,Amazon,"Amazon Devices,mazon.co.uk",,2016-03-08T20:21:53Z,2017-07-18T23:52:58Z,169 mm x 117 mm x 9.1 mm,,kindlepaperwhite/b00qjdu3ky,Amazon,,Kindle Paperwhite,"[{""amountMax"":139.99,""amountMin"":139.99,""currency"":""USD"",""dateAdded"":""2017-07-18T23:52:58Z"",""dateSeen"":[""2017-07-15T18:10:23.807Z"",""2016-03-16T00:00:00Z""],""isSale"":""false"",""merchant"":""Amazon.com"",""shipping"":""FREE Shipping."",""sourceURLs"":[""https://www.amazon.com/Kindle-Paperwhite-High-Resolution-Display-Built/dp/B00QJDU3KY/ref=lp_6669702011_1_7/132-1677641-8459202?s=amazon-devices&ie=UTF8&qid=1498832761&sr=1-7"",""http://www.amazon.com/Kindle-Paperwhite-High-Resolution-Display-Built-/dp/B00QJDU3KY""]},{""amountMax"":119.99,""amountMin"":119.99,""condition"":""new"",""currency"":""EUR"",""dateAdded"":""2016-03-08T20:21:53Z"",""dateSeen"":[""2016-01-29T00:00:00Z""],""isSale"":""false"",""merchant"":""Amazon EU Sarl"",""shipping"":""free"",""sourceURLs"":[""http://www.amazon.co.uk/Kindle-Paperwhite-Resolution-Display-Built-/dp/B00QJDU3KY""]},{""amountMax"":139.99,""amountMin"":139.99,""condition"":""new"",""currency"":""CAD"",""dateAdded"":""2016-03-08T20:21:53Z"",""dateSeen"":[""2016-01-11T00:00:00Z""],""isSale"":""false"",""merchant"":""Amazon"",""shipping"":""free"",""sourceURLs"":[""http://www.amazon.ca/dp/B00QJDU3KY""]},{""amountMax"":119.99,""amountMin"":119.99,""currency"":""USD"",""dateAdded"":""2016-03-08T20:21:53Z"",""dateSeen"":[""2016-03-12T00:00:00Z""],""isSale"":""true"",""merchant"":""Amazon.com"",""sourceURLs"":[""http://www.amazon.com/Kindle-Paperwhite-High-Resolution-Display-Built-/dp/B00QJDU3KY""]},{""amountMax"":119.99,""amountMin"":119.99,""condition"":""new"",""currency"":""EUR"",""dateAdded"":""2016-03-08T20:21:53Z"",""dateSeen"":[""2015-11-15T00:00:00Z""],""isSale"":""false"",""merchant"":""Amazon"",""shipping"":""free"",""sourceURLs"":[""http://www.amazon.co.uk/All-New-Kindle-Paperwhite-Resolution-Display/dp/B00QJDU3KY""]},{""amountMax"":17.99,""amountMin"":17.99,""condition"":""new"",""currency"":""EUR"",""dateAdded"":""2016-03-08T20:21:53Z"",""dateSeen"":[""2016-01-29T00:00:00Z""],""isSale"":""false"",""merchant"":""Amazon EU Sarl"",""shipping"":""free"",""sourceURLs"":[""http://www.amazon.co.uk/Kindle-Paperwhite-Resolution-Display-Built-/dp/B00QJDU3KY""]},{""amountMax"":17.99,""amountMin"":17.99,""condition"":""new"",""currency"":""EUR"",""dateAdded"":""2016-03-08T20:21:53Z"",""dateSeen"":[""2015-11-15T00:00:00Z""],""isSale"":""false"",""merchant"":""Amazon"",""shipping"":""free"",""sourceURLs"":[""http://www.amazon.co.uk/All-New-Kindle-Paperwhite-Resolution-Display/dp/B00QJDU3KY""]},{""amountMax"":139.00,""amountMin"":139.00,""condition"":""new"",""currency"":""CAD"",""dateAdded"":""2016-03-08T20:21:53Z"",""dateSeen"":[""2015-07-06T05:00:00Z""],""isSale"":""false"",""merchant"":""Amazon.ca"",""shipping"":""free"",""sourceURLs"":[""http://www.amazon.ca/dp/B00QJDU3KY""]}]",2015-08-08T00:00:00.000Z,,139.0,5.0,https://www.amazon.com/Kindle-Paperwhite-High-Resolution-Display-Built/dp/B00QJDU3KY/ref=lp_6669702011_1_7/132-1677641-8459202?s=amazon-devices&ie=UTF8&qid=1498832761&sr=1-7,"I initially had trouble deciding between the paperwhite and the voyage because reviews more or less said the same thing: the paperwhite is great, but if you have spending money, go for the voyage.Fortunately, I had friends who owned each, so I ended up buying the paperwhite on this basis: both models now have 300 ppi, so the 80 dollar jump turns out pricey the voyage's page press isn't always sensitive, and if you are fine with a specific setting, you don't need auto light adjustment).It's been a week and I am loving my paperwhite, no regrets! The touch screen is receptive and easy to use, and I keep the light at a specific setting regardless of the time of day. (In any case, it's not hard to change the setting either, as you'll only be changing the light level at a certain time of day, not every now and then while reading).Also glad that I went for the international shipping option with Amazon. Extra expense, but delivery was on time, with tracking, and I didnt need to worry about customs, which I may have if I used a third party shipping service.","Paperwhite voyage, no regrets!",,,Cristina M,,,205 grams
AVpe7AsMilAPnD_xQ78G,B00QJDU3KY,Amazon,"Amazon Devices,mazon.co.uk",,2016-03-08T20:21:53Z,2017-07-18T23:52:58Z,169 mm x 117 mm x 9.1 mm,,kindlepaperwhite/b00qjdu3ky,Amazon,,Kindle Paperwhite,"[{""amountMax"":139.99,""amountMin"":139.99,""currency"":""USD"",""dateAdded"":""2017-07-18T23:52:58Z"",""dateSeen"":[""2017-07-15T18:10:23.807Z"",""2016-03-16T00:00:00Z""],""isSale"":""false"",""merchant"":""Amazon.com"",""shipping"":""FREE Shipping."",""sourceURLs"":[""https://www.amazon.com/Kindle-Paperwhite-High-Resolution-Display-Built/dp/B00QJDU3KY/ref=lp_6669702011_1_7/132-1677641-8459202?s=amazon-devices&ie=UTF8&qid=1498832761&sr=1-7"",""http://www.amazon.com/Kindle-Paperwhite-High-Resolution-Display-Built-/dp/B00QJDU3KY""]},{""amountMax"":119.99,""amountMin"":119.99,""condition"":""new"",""currency"":""EUR"",""dateAdded"":""2016-03-08T20:21:53Z"",""dateSeen"":[""2016-01-29T00:00:00Z""],""isSale"":""false"",""merchant"":""Amazon EU Sarl"",""shipping"":""free"",""sourceURLs"":[""http://www.amazon.co.uk/Kindle-Paperwhite-Resolution-Display-Built-/dp/B00QJDU3KY""]},{""amountMax"":139.99,""amountMin"":139.99,""condition"":""new"",""currency"":""CAD"",""dateAdded"":""2016-03-08T20:21:53Z"",""dateSeen"":[""2016-01-11T00:00:00Z""],""isSale"":""false"",""merchant"":""Amazon"",""shipping"":""free"",""sourceURLs"":[""http://www.amazon.ca/dp/B00QJDU3KY""]},{""amountMax"":119.99,""amountMin"":119.99,""currency"":""USD"",""dateAdded"":""2016-03-08T20:21:53Z"",""dateSeen"":[""2016-03-12T00:00:00Z""],""isSale"":""true"",""merchant"":""Amazon.com"",""sourceURLs"":[""http://www.amazon.com/Kindle-Paperwhite-High-Resolution-Display-Built-/dp/B00QJDU3KY""]},{""amountMax"":119.99,""amountMin"":119.99,""condition"":""new"",""currency"":""EUR"",""dateAdded"":""2016-03-08T20:21:53Z"",""dateSeen"":[""2015-11-15T00:00:00Z""],""isSale"":""false"",""merchant"":""Amazon"",""shipping"":""free"",""sourceURLs"":[""http://www.amazon.co.uk/All-New-Kindle-Paperwhite-Resolution-Display/dp/B00QJDU3KY""]},{""amountMax"":17.99,""amountMin"":17.99,""condition"":""new"",""currency"":""EUR"",""dateAdded"":""2016-03-08T20:21:53Z"",""dateSeen"":[""2016-01-29T00:00:00Z""],""isSale"":""false"",""merchant"":""Amazon EU Sarl"",""shipping"":""free"",""sourceURLs"":[""http://www.amazon.co.uk/Kindle-Paperwhite-Resolution-Display-Built-/dp/B00QJDU3KY""]},{""amountMax"":17.99,""amountMin"":17.99,""condition"":""new"",""currency"":""EUR"",""dateAdded"":""2016-03-08T20:21:53Z"",""dateSeen"":[""2015-11-15T00:00:00Z""],""isSale"":""false"",""merchant"":""Amazon"",""shipping"":""free"",""sourceURLs"":[""http://www.amazon.co.uk/All-New-Kindle-Paperwhite-Resolution-Display/dp/B00QJDU3KY""]},{""amountMax"":139.00,""amountMin"":139.00,""condition"":""new"",""currency"":""CAD"",""dateAdded"":""2016-03-08T20:21:53Z"",""dateSeen"":[""2015-07-06T05:00:00Z""],""isSale"":""false"",""merchant"":""Amazon.ca"",""shipping"":""free"",""sourceURLs"":[""http://www.amazon.ca/dp/B00QJDU3KY""]}]",2015-09-01T00:00:00.000Z,,126.0,5.0,https://www.amazon.com/Kindle-Paperwhite-High-Resolution-Display-Built/dp/B00QJDU3KY/ref=lp_6669702011_1_7/132-1677641-8459202?s=amazon-devices&ie=UTF8&qid=1498832761&sr=1-7,"Allow me to preface this with a little history. I am (was) a casual reader who owned a Nook Simple Touch from 2011. I've read the Harry Potter series, Girl with the Dragon Tattoo series, 1984, Brave New World, and a few other key titles. Fair to say my Nook did not get as much use as many others may have gotten from theirs.Fast forward to today. I have had a full week with my new Kindle Paperwhite and I have to admit, I'm in love. Not just with the Kindle, but with reading all over again! Now let me relate this review, love, and reading all back to the Kindle. The investment of 139.00 is in the experience you will receive when you buy a Kindle. You are not simply paying for a screen there is an entire experience included in buying from Amazon.I have been reading The Hunger Games trilogy and shall be moving onto the Divergent series soon after. Here is the thing with the Nook that hindered me for the past 4 years: I was never inspired to pick it up, get it into my hands, and just dive in. There was never that feeling of oh man, reading on this thing is so awesome. However, with my Paperwhite, I now have that feeling! That desire is back and I simply adore my Kindle. If you are considering purchasing one, stop thinking about it simply go for it. After a full week, 3 downloaded books, and a ton of reading, I still have half of my battery left as well.Make yourself happy. Inspire the reader inside of you.",One Simply Could Not Ask For More,,,Ricky,,,205 grams
AVpe7AsMilAPnD_xQ78G,B00QJDU3KY,Amazon,"Amazon Devices,mazon.co.uk",,2016-03-08T20:21:53Z,2017-07-18T23:52:58Z,169 mm x 117 mm x 9.1 mm,,kindlepaperwhite/b00qjdu3ky,Amazon,,Kindle Paperwhite,"[{""amountMax"":139.99,""amountMin"":139.99,""currency"":""USD"",""dateAdded"":""2017-07-18T23:52:58Z"",""dateSeen"":[""2017-07-15T18:10:23.807Z"",""2016-03-16T00:00:00Z""],""isSale"":""false"",""merchant"":""Amazon.com"",""shipping"":""FREE Shipping."",""sourceURLs"":[""https://www.amazon.com/Kindle-Paperwhite-High-Resolution-Display-Built/dp/B00QJDU3KY/ref=lp_6669702011_1_7/132-1677641-8459202?s=amazon-devices&ie=UTF8&qid=1498832761&sr=1-7"",""http://www.amazon.com/Kindle-Paperwhite-High-Resolution-Display-Built-/dp/B00QJDU3KY""]},{""amountMax"":119.99,""amountMin"":119.99,""condition"":""new"",""currency"":""EUR"",""dateAdded"":""2016-03-08T20:21:53Z"",""dateSeen"":[""2016-01-29T00:00:00Z""],""isSale"":""false"",""merchant"":""Amazon EU Sarl"",""shipping"":""free"",""sourceURLs"":[""http://www.amazon.co.uk/Kindle-Paperwhite-Resolution-Display-Built-/dp/B00QJDU3KY""]},{""amountMax"":139.99,""amountMin"":139.99,""condition"":""new"",""currency"":""CAD"",""dateAdded"":""2016-03-08T20:21:53Z"",""dateSeen"":[""2016-01-11T00:00:00Z""],""isSale"":""false"",""merchant"":""Amazon"",""shipping"":""free"",""sourceURLs"":[""http://www.amazon.ca/dp/B00QJDU3KY""]},{""amountMax"":119.99,""amountMin"":119.99,""currency"":""USD"",""dateAdded"":""2016-03-08T20:21:53Z"",""dateSeen"":[""2016-03-12T00:00:00Z""],""isSale"":""true"",""merchant"":""Amazon.com"",""sourceURLs"":[""http://www.amazon.com/Kindle-Paperwhite-High-Resolution-Display-Built-/dp/B00QJDU3KY""]},{""amountMax"":119.99,""amountMin"":119.99,""condition"":""new"",""currency"":""EUR"",""dateAdded"":""2016-03-08T20:21:53Z"",""dateSeen"":[""2015-11-15T00:00:00Z""],""isSale"":""false"",""merchant"":""Amazon"",""shipping"":""free"",""sourceURLs"":[""http://www.amazon.co.uk/All-New-Kindle-Paperwhite-Resolution-Display/dp/B00QJDU3KY""]},{""amountMax"":17.99,""amountMin"":17.99,""condition"":""new"",""currency"":""EUR"",""dateAdded"":""2016-03-08T20:21:53Z"",""dateSeen"":[""2016-01-29T00:00:00Z""],""isSale"":""false"",""merchant"":""Amazon EU Sarl"",""shipping"":""free"",""sourceURLs"":[""http://www.amazon.co.uk/Kindle-Paperwhite-Resolution-Display-Built-/dp/B00QJDU3KY""]},{""amountMax"":17.99,""amountMin"":17.99,""condition"":""new"",""currency"":""EUR"",""dateAdded"":""2016-03-08T20:21:53Z"",""dateSeen"":[""2015-11-15T00:00:00Z""],""isSale"":""false"",""merchant"":""Amazon"",""shipping"":""free"",""sourceURLs"":[""http://www.amazon.co.uk/All-New-Kindle-Paperwhite-Resolution-Display/dp/B00QJDU3KY""]},{""amountMax"":139.00,""amountMin"":139.00,""condition"":""new"",""currency"":""CAD"",""dateAdded"":""2016-03-08T20:21:53Z"",""dateSeen"":[""2015-07-06T05:00:00Z""],""isSale"":""false"",""merchant"":""Amazon.ca"",""shipping"":""free"",""sourceURLs"":[""http://www.amazon.ca/dp/B00QJDU3KY""]}]",2015-07-20T00:00:00.000Z,,69.0,4.0,https://www.amazon.com/Kindle-Paperwhite-High-Resolution-Display-Built/dp/B00QJDU3KY/ref=lp_6669702011_1_7/132-1677641-8459202?s=amazon-devices&ie=UTF8&qid=1498832761&sr=1-7,I am enjoying it so far. Great for reading. Had the original Fire since 2012. The Fire used to make my eyes hurt if I read too long. Haven't experienced that with the Paperwhite yet.,Great for those that just want an e-reader,,,Tedd Gardiner,,,205 grams
AVpe7AsMilAPnD_xQ78G,B00QJDU3KY,Amazon,"Amazon Devices,mazon.co.uk",,2016-03-08T20:21:53Z,2017-07-18T23:52:58Z,169 mm x 117 mm x 9.1 mm,,kindlepaperwhite/b00qjdu3ky,Amazon,,Kindle Paperwhite,"[{""amountMax"":139.99,""amountMin"":139.99,""currency"":""USD"",""dateAdded"":""2017-07-18T23:52:58Z"",""dateSeen"":[""2017-07-15T18:10:23.807Z"",""2016-03-16T00:00:00Z""],""isSale"":""false"",""merchant"":""Amazon.com"",""shipping"":""FREE Shipping."",""sourceURLs"":[""https://www.amazon.com/Kindle-Paperwhite-High-Resolution-Display-Built/dp/B00QJDU3KY/ref=lp_6669702011_1_7/132-1677641-8459202?s=amazon-devices&ie=UTF8&qid=1498832761&sr=1-7"",""http://www.amazon.com/Kindle-Paperwhite-High-Resolution-Display-Built-/dp/B00QJDU3KY""]},{""amountMax"":119.99,""amountMin"":119.99,""condition"":""new"",""currency"":""EUR"",""dateAdded"":""2016-03-08T20:21:53Z"",""dateSeen"":[""2016-01-29T00:00:00Z""],""isSale"":""false"",""merchant"":""Amazon EU Sarl"",""shipping"":""free"",""sourceURLs"":[""http://www.amazon.co.uk/Kindle-Paperwhite-Resolution-Display-Built-/dp/B00QJDU3KY""]},{""amountMax"":139.99,""amountMin"":139.99,""condition"":""new"",""currency"":""CAD"",""dateAdded"":""2016-03-08T20:21:53Z"",""dateSeen"":[""2016-01-11T00:00:00Z""],""isSale"":""false"",""merchant"":""Amazon"",""shipping"":""free"",""sourceURLs"":[""http://www.amazon.ca/dp/B00QJDU3KY""]},{""amountMax"":119.99,""amountMin"":119.99,""currency"":""USD"",""dateAdded"":""2016-03-08T20:21:53Z"",""dateSeen"":[""2016-03-12T00:00:00Z""],""isSale"":""true"",""merchant"":""Amazon.com"",""sourceURLs"":[""http://www.amazon.com/Kindle-Paperwhite-High-Resolution-Display-Built-/dp/B00QJDU3KY""]},{""amountMax"":119.99,""amountMin"":119.99,""condition"":""new"",""currency"":""EUR"",""dateAdded"":""2016-03-08T20:21:53Z"",""dateSeen"":[""2015-11-15T00:00:00Z""],""isSale"":""false"",""merchant"":""Amazon"",""shipping"":""free"",""sourceURLs"":[""http://www.amazon.co.uk/All-New-Kindle-Paperwhite-Resolution-Display/dp/B00QJDU3KY""]},{""amountMax"":17.99,""amountMin"":17.99,""condition"":""new"",""currency"":""EUR"",""dateAdded"":""2016-03-08T20:21:53Z"",""dateSeen"":[""2016-01-29T00:00:00Z""],""isSale"":""false"",""merchant"":""Amazon EU Sarl"",""shipping"":""free"",""sourceURLs"":[""http://www.amazon.co.uk/Kindle-Paperwhite-Resolution-Display-Built-/dp/B00QJDU3KY""]},{""amountMax"":17.99,""amountMin"":17.99,""condition"":""new"",""currency"":""EUR"",""dateAdded"":""2016-03-08T20:21:53Z"",""dateSeen"":[""2015-11-15T00:00:00Z""],""isSale"":""false"",""merchant"":""Amazon"",""shipping"":""free"",""sourceURLs"":[""http://www.amazon.co.uk/All-New-Kindle-Paperwhite-Resolution-Display/dp/B00QJDU3KY""]},{""amountMax"":139.00,""amountMin"":139.00,""condition"":""new"",""currency"":""CAD"",""dateAdded"":""2016-03-08T20:21:53Z"",""dateSeen"":[""2015-07-06T05:00:00Z""],""isSale"":""false"",""merchant"":""Amazon.ca"",""shipping"":""free"",""sourceURLs"":[""http://www.amazon.ca/dp/B00QJDU3KY""]}]",2017-06-16T00:00:00.000Z,,2.0,5.0,https://www.amazon.com/Kindle-Paperwhite-High-Resolution-Display-Built/dp/B00QJDU3KY/ref=lp_6669702011_1_7/132-1677641-8459202?s=amazon-devices&ie=UTF8&qid=1498832761&sr=1-7,"I bought one of the first Paperwhites and have been very pleased with it its been a constant companion and I suppose Ive read, on average, a book every three days for the past however many years on it. I wouldnt give it up youd have to pry it from my cold dead fingers.For sundry logistical reasons, Ive also made good use of Amazons Kindle app on my iPhone. No Paperwhite screen, naturally, and all the cool usability that delivers, but it works well and has its own attractions as a companion to the Kindle.Of course, there are aspects of the Paperwhite which I would like to critique. Ah you knew that was coming somewhere, didnt you.As a member of BookBub, I get a daily list of alerts and book deals in my chosen genres. I take on many of them, however, Ive found that, even with the best will in the world, I cant keep up. Some days it seems that for every book I read, Ive bought two. Theres just so much good stuff out there! The accumulative effect of this is that the number of books actually on my Paperwhite has been creeping ever upward for some time. Its now at about 400.With this in mind, Ive noticed that while page-turning has remained exactly the same, just about every other action on the Kindle has become positively glacial. Not just very slow, but so slow you think its malfunctioning. The general consensus appears to be that its to be expected once one has that many books downloaded onto a Kindle, it will begin to behave in a flakey manner. This drives me mad. Amazon states it can hold thousands of books. I believe them. But I figure I would need a second Paperwhite to read while Im waiting for actions to complete on the first one.Read more",Love / Hate relationship,,,Dougal,,,205 grams
AVpe7AsMilAPnD_xQ78G,B00QJDU3KY,Amazon,"Amazon Devices,mazon.co.uk",,2016-03-08T20:21:53Z,2017-07-18T23:52:58Z,169 mm x 117 mm x 9.1 mm,,kindlepaperwhite/b00qjdu3ky,Amazon,,Kindle Paperwhite,"[{""amountMax"":139.99,""amountMin"":139.99,""currency"":""USD"",""dateAdded"":""2017-07-18T23:52:58Z"",""dateSeen"":[""2017-07-15T18:10:23.807Z"",""2016-03-16T00:00:00Z""],""isSale"":""false"",""merchant"":""Amazon.com"",""shipping"":""FREE Shipping."",""sourceURLs"":[""https://www.amazon.com/Kindle-Paperwhite-High-Resolution-Display-Built/dp/B00QJDU3KY/ref=lp_6669702011_1_7/132-1677641-8459202?s=amazon-devices&ie=UTF8&qid=1498832761&sr=1-7"",""http://www.amazon.com/Kindle-Paperwhite-High-Resolution-Display-Built-/dp/B00QJDU3KY""]},{""amountMax"":119.99,""amountMin"":119.99,""condition"":""new"",""currency"":""EUR"",""dateAdded"":""2016-03-08T20:21:53Z"",""dateSeen"":[""2016-01-29T00:00:00Z""],""isSale"":""false"",""merchant"":""Amazon EU Sarl"",""shipping"":""free"",""sourceURLs"":[""http://www.amazon.co.uk/Kindle-Paperwhite-Resolution-Display-Built-/dp/B00QJDU3KY""]},{""amountMax"":139.99,""amountMin"":139.99,""condition"":""new"",""currency"":""CAD"",""dateAdded"":""2016-03-08T20:21:53Z"",""dateSeen"":[""2016-01-11T00:00:00Z""],""isSale"":""false"",""merchant"":""Amazon"",""shipping"":""free"",""sourceURLs"":[""http://www.amazon.ca/dp/B00QJDU3KY""]},{""amountMax"":119.99,""amountMin"":119.99,""currency"":""USD"",""dateAdded"":""2016-03-08T20:21:53Z"",""dateSeen"":[""2016-03-12T00:00:00Z""],""isSale"":""true"",""merchant"":""Amazon.com"",""sourceURLs"":[""http://www.amazon.com/Kindle-Paperwhite-High-Resolution-Display-Built-/dp/B00QJDU3KY""]},{""amountMax"":119.99,""amountMin"":119.99,""condition"":""new"",""currency"":""EUR"",""dateAdded"":""2016-03-08T20:21:53Z"",""dateSeen"":[""2015-11-15T00:00:00Z""],""isSale"":""false"",""merchant"":""Amazon"",""shipping"":""free"",""sourceURLs"":[""http://www.amazon.co.uk/All-New-Kindle-Paperwhite-Resolution-Display/dp/B00QJDU3KY""]},{""amountMax"":17.99,""amountMin"":17.99,""condition"":""new"",""currency"":""EUR"",""dateAdded"":""2016-03-08T20:21:53Z"",""dateSeen"":[""2016-01-29T00:00:00Z""],""isSale"":""false"",""merchant"":""Amazon EU Sarl"",""shipping"":""free"",""sourceURLs"":[""http://www.amazon.co.uk/Kindle-Paperwhite-Resolution-Display-Built-/dp/B00QJDU3KY""]},{""amountMax"":17.99,""amountMin"":17.99,""condition"":""new"",""currency"":""EUR"",""dateAdded"":""2016-03-08T20:21:53Z"",""dateSeen"":[""2015-11-15T00:00:00Z""],""isSale"":""false"",""merchant"":""Amazon"",""shipping"":""free"",""sourceURLs"":[""http://www.amazon.co.uk/All-New-Kindle-Paperwhite-Resolution-Display/dp/B00QJDU3KY""]},{""amountMax"":139.00,""amountMin"":139.00,""condition"":""new"",""currency"":""CAD"",""dateAdded"":""2016-03-08T20:21:53Z"",""dateSeen"":[""2015-07-06T05:00:00Z""],""isSale"":""false"",""merchant"":""Amazon.ca"",""shipping"":""free"",""sourceURLs"":[""http://www.amazon.ca/dp/B00QJDU3KY""]}]",2016-08-11T00:00:00.000Z,,17.0,5.0,https://www.amazon.com/Kindle-Paperwhite-High-Resolution-Display-Built/dp/B00QJDU3KY/ref=lp_6669702011_1_7/132-1677641-8459202?s=amazon-devices&ie=UTF8&qid=1498832761&sr=1-7,"I have to say upfront - I don't like coroporate, hermetically closed stuff like anything by Apple or in this case, Amazon. I like having devices on which I can put anything I want and use it. But...I was a fairly happy user of a Nook Touch for several years, but couldn't use all its functionalities since I live in Serbia. Then I lost the Nook and since no other devices can actually be fully used in Serbia (buying books with them, using their online capabilities) except the Kindle, and since no one except Amazon ships to Serbia, and since I've actually been a happy Amazon customer since 2005 over friends' accounts and since 2007 through my own, and since the Kindle definitely has the best technology - why not buy itSo I did. What I read in many reviews about the screen/light of the Paperwhite and similar devices was no problem with mine. The light disperses just fine, except a few black blotches (maybe you can see it in the picture) at the bottom of the screen, which are actually shadows of the black plastic casing and thus can't really be avoided. As you can see in the picture without the light - there are no blotches with light out.The Paperwhite's screen is just marvelous at 300 ppi, the touchscreen works just fine, the store works here in Serbia, and in these two days I've been using it, I'm a happy guy.I had to get the hang on how to make sideloaded books behave at least almost like Amazon books, but that's fine. That's the one thing I'd like to see Amazon do in some future upgrades: make the Kindle treat sideloaded books just like the ones bought from them directly, with sharing funcion (quotes and Goodreads) enabled and so on.The size is perfect, it sits very well in the hand, the light doesn't hurt the eyes in the dark (like the light on a tab does)... the packaging was fine, no problems there and what remains to be seen now is the battery life.So far, I can only recommend it.",I LOVE IT,,,Miljan David Tanic,,,205 grams
AVpe7AsMilAPnD_xQ78G,B00QJDU3KY,Amazon,"Amazon Devices,mazon.co.uk",,2016-03-08T20:21:53Z,2017-07-18T23:52:58Z,169 mm x 117 mm x 9.1 mm,,kindlepaperwhite/b00qjdu3ky,Amazon,,Kindle Paperwhite,"[{""amountMax"":139.99,""amountMin"":139.99,""currency"":""USD"",""dateAdded"":""2017-07-18T23:52:58Z"",""dateSeen"":[""2017-07-15T18:10:23.807Z"",""2016-03-16T00:00:00Z""],""isSale"":""false"",""merchant"":""Amazon.com"",""shipping"":""FREE Shipping."",""sourceURLs"":[""https://www.amazon.com/Kindle-Paperwhite-High-Resolution-Display-Built/dp/B00QJDU3KY/ref=lp_6669702011_1_7/132-1677641-8459202?s=amazon-devices&ie=UTF8&qid=1498832761&sr=1-7"",""http://www.amazon.com/Kindle-Paperwhite-High-Resolution-Display-Built-/dp/B00QJDU3KY""]},{""amountMax"":119.99,""amountMin"":119.99,""condition"":""new"",""currency"":""EUR"",""dateAdded"":""2016-03-08T20:21:53Z"",""dateSeen"":[""2016-01-29T00:00:00Z""],""isSale"":""false"",""merchant"":""Amazon EU Sarl"",""shipping"":""free"",""sourceURLs"":[""http://www.amazon.co.uk/Kindle-Paperwhite-Resolution-Display-Built-/dp/B00QJDU3KY""]},{""amountMax"":139.99,""amountMin"":139.99,""condition"":""new"",""currency"":""CAD"",""dateAdded"":""2016-03-08T20:21:53Z"",""dateSeen"":[""2016-01-11T00:00:00Z""],""isSale"":""false"",""merchant"":""Amazon"",""shipping"":""free"",""sourceURLs"":[""http://www.amazon.ca/dp/B00QJDU3KY""]},{""amountMax"":119.99,""amountMin"":119.99,""currency"":""USD"",""dateAdded"":""2016-03-08T20:21:53Z"",""dateSeen"":[""2016-03-12T00:00:00Z""],""isSale"":""true"",""merchant"":""Amazon.com"",""sourceURLs"":[""http://www.amazon.com/Kindle-Paperwhite-High-Resolution-Display-Built-/dp/B00QJDU3KY""]},{""amountMax"":119.99,""amountMin"":119.99,""condition"":""new"",""currency"":""EUR"",""dateAdded"":""2016-03-08T20:21:53Z"",""dateSeen"":[""2015-11-15T00:00:00Z""],""isSale"":""false"",""merchant"":""Amazon"",""shipping"":""free"",""sourceURLs"":[""http://www.amazon.co.uk/All-New-Kindle-Paperwhite-Resolution-Display/dp/B00QJDU3KY""]},{""amountMax"":17.99,""amountMin"":17.99,""condition"":""new"",""currency"":""EUR"",""dateAdded"":""2016-03-08T20:21:53Z"",""dateSeen"":[""2016-01-29T00:00:00Z""],""isSale"":""false"",""merchant"":""Amazon EU Sarl"",""shipping"":""free"",""sourceURLs"":[""http://www.amazon.co.uk/Kindle-Paperwhite-Resolution-Display-Built-/dp/B00QJDU3KY""]},{""amountMax"":17.99,""amountMin"":17.99,""condition"":""new"",""currency"":""EUR"",""dateAdded"":""2016-03-08T20:21:53Z"",""dateSeen"":[""2015-11-15T00:00:00Z""],""isSale"":""false"",""merchant"":""Amazon"",""shipping"":""free"",""sourceURLs"":[""http://www.amazon.co.uk/All-New-Kindle-Paperwhite-Resolution-Display/dp/B00QJDU3KY""]},{""amountMax"":139.00,""amountMin"":139.00,""condition"":""new"",""currency"":""CAD"",""dateAdded"":""2016-03-08T20:21:53Z"",""dateSeen"":[""2015-07-06T05:00:00Z""],""isSale"":""false"",""merchant"":""Amazon.ca"",""shipping"":""free"",""sourceURLs"":[""http://www.amazon.ca/dp/B00QJDU3KY""]}]",2015-07-08T00:00:00Z,,,,http://www.amazon.com/Kindle-Paperwhite-High-Resolution-Display-Built-/dp/B00QJDU3KY,"My previous kindle was a DX, this is my second kindle in years. Love the form factor and all but I do miss the physical buttons for page turning. There is a glitch in the software though. I use the English interface but occasionally I would like to translate words into traditional Chinese. However, it seems that the traditional Chinese characters cannot display correctly and become small boxes. The simplified Chinese characters can be displayed correctly though.",Great device for reading. 8 people found this helpful. Was this review helpful to you Yes No,,,Kelvin Law,,,205 grams
AVpe7AsMilAPnD_xQ78G,B00QJDU3KY,Amazon,"Amazon Devices,mazon.co.uk",,2016-03-08T20:21:53Z,2017-07-18T23:52:58Z,169 mm x 117 mm x 9.1 mm,,kindlepaperwhite/b00qjdu3ky,Amazon,,Kindle Paperwhite,"[{""amountMax"":139.99,""amountMin"":139.99,""currency"":""USD"",""dateAdded"":""2017-07-18T23:52:58Z"",""dateSeen"":[""2017-07-15T18:10:23.807Z"",""2016-03-16T00:00:00Z""],""isSale"":""false"",""merchant"":""Amazon.com"",""shipping"":""FREE Shipping."",""sourceURLs"":[""https://www.amazon.com/Kindle-Paperwhite-High-Resolution-Display-Built/dp/B00QJDU3KY/ref=lp_6669702011_1_7/132-1677641-8459202?s=amazon-devices&ie=UTF8&qid=1498832761&sr=1-7"",""http://www.amazon.com/Kindle-Paperwhite-High-Resolution-Display-Built-/dp/B00QJDU3KY""]},{""amountMax"":119.99,""amountMin"":119.99,""condition"":""new"",""currency"":""EUR"",""dateAdded"":""2016-03-08T20:21:53Z"",""dateSeen"":[""2016-01-29T00:00:00Z""],""isSale"":""false"",""merchant"":""Amazon EU Sarl"",""shipping"":""free"",""sourceURLs"":[""http://www.amazon.co.uk/Kindle-Paperwhite-Resolution-Display-Built-/dp/B00QJDU3KY""]},{""amountMax"":139.99,""amountMin"":139.99,""condition"":""new"",""currency"":""CAD"",""dateAdded"":""2016-03-08T20:21:53Z"",""dateSeen"":[""2016-01-11T00:00:00Z""],""isSale"":""false"",""merchant"":""Amazon"",""shipping"":""free"",""sourceURLs"":[""http://www.amazon.ca/dp/B00QJDU3KY""]},{""amountMax"":119.99,""amountMin"":119.99,""currency"":""USD"",""dateAdded"":""2016-03-08T20:21:53Z"",""dateSeen"":[""2016-03-12T00:00:00Z""],""isSale"":""true"",""merchant"":""Amazon.com"",""sourceURLs"":[""http://www.amazon.com/Kindle-Paperwhite-High-Resolution-Display-Built-/dp/B00QJDU3KY""]},{""amountMax"":119.99,""amountMin"":119.99,""condition"":""new"",""currency"":""EUR"",""dateAdded"":""2016-03-08T20:21:53Z"",""dateSeen"":[""2015-11-15T00:00:00Z""],""isSale"":""false"",""merchant"":""Amazon"",""shipping"":""free"",""sourceURLs"":[""http://www.amazon.co.uk/All-New-Kindle-Paperwhite-Resolution-Display/dp/B00QJDU3KY""]},{""amountMax"":17.99,""amountMin"":17.99,""condition"":""new"",""currency"":""EUR"",""dateAdded"":""2016-03-08T20:21:53Z"",""dateSeen"":[""2016-01-29T00:00:00Z""],""isSale"":""false"",""merchant"":""Amazon EU Sarl"",""shipping"":""free"",""sourceURLs"":[""http://www.amazon.co.uk/Kindle-Paperwhite-Resolution-Display-Built-/dp/B00QJDU3KY""]},{""amountMax"":17.99,""amountMin"":17.99,""condition"":""new"",""currency"":""EUR"",""dateAdded"":""2016-03-08T20:21:53Z"",""dateSeen"":[""2015-11-15T00:00:00Z""],""isSale"":""false"",""merchant"":""Amazon"",""shipping"":""free"",""sourceURLs"":[""http://www.amazon.co.uk/All-New-Kindle-Paperwhite-Resolution-Display/dp/B00QJDU3KY""]},{""amountMax"":139.00,""amountMin"":139.00,""condition"":""new"",""currency"":""CAD"",""dateAdded"":""2016-03-08T20:21:53Z"",""dateSeen"":[""2015-07-06T05:00:00Z""],""isSale"":""false"",""merchant"":""Amazon.ca"",""shipping"":""free"",""sourceURLs"":[""http://www.amazon.ca/dp/B00QJDU3KY""]}]",2015-09-01T00:00:00Z,,,,http://www.amazon.com/Kindle-Paperwhite-High-Resolution-Display-Built-/dp/B00QJDU3KY,"Allow me to preface this with a little history. I am (was) a casual reader who owned a Nook Simple Touch from 2011. I've read the Harry Potter series, Girl with the Dragon Tattoo series, 1984, Brave New World, and a few other key titles. Fair to say my Nook did not get as much use as many others may have gotten from theirs.Fast forward to today. I have had a full week with my new Kindle Paperwhite and I have to admit, I'm in love. Not just with the Kindle, but with reading all over again! Now let me relate this review, love, and reading all back to the Kindle. The investment of 139.00 is in the experience you will receive when you buy a Kindle. You are not simply paying for a screen there is an entire experience included in buying from Amazon.I have been reading The Hunger Games trilogy and shall be moving onto the Divergent series soon after. Here is the thing with the Nook that hindered me for the past 4 years: I was never inspired to pick it up, get it into my hands, and just dive in. There was never that feeling of oh man, reading on this thing is so awesome. However, with my Paperwhite, I now have that feeling! That desire is back and I simply adore my Kindle. If you are considering purchasing one, stop thinking about it simply go for it. After a full week, 3 downloaded books, and a ton of reading, I still have half of my battery left as well.Make yourself happy. Inspire the reader inside of you.",One Simply Could Not Ask For More 28 people found this helpful. Was this review helpful to you Yes No,,,Ricky,,,205 grams
AVpe7AsMilAPnD_xQ78G,B00QJDU3KY,Amazon,"Amazon Devices,mazon.co.uk",,2016-03-08T20:21:53Z,2017-07-18T23:52:58Z,169 mm x 117 mm x 9.1 mm,,kindlepaperwhite/b00qjdu3ky,Amazon,,Kindle Paperwhite,"[{""amountMax"":139.99,""amountMin"":139.99,""currency"":""USD"",""dateAdded"":""2017-07-18T23:52:58Z"",""dateSeen"":[""2017-07-15T18:10:23.807Z"",""2016-03-16T00:00:00Z""],""isSale"":""false"",""merchant"":""Amazon.com"",""shipping"":""FREE Shipping."",""sourceURLs"":[""https://www.amazon.com/Kindle-Paperwhite-High-Resolution-Display-Built/dp/B00QJDU3KY/ref=lp_6669702011_1_7/132-1677641-8459202?s=amazon-devices&ie=UTF8&qid=1498832761&sr=1-7"",""http://www.amazon.com/Kindle-Paperwhite-High-Resolution-Display-Built-/dp/B00QJDU3KY""]},{""amountMax"":119.99,""amountMin"":119.99,""condition"":""new"",""currency"":""EUR"",""dateAdded"":""2016-03-08T20:21:53Z"",""dateSeen"":[""2016-01-29T00:00:00Z""],""isSale"":""false"",""merchant"":""Amazon EU Sarl"",""shipping"":""free"",""sourceURLs"":[""http://www.amazon.co.uk/Kindle-Paperwhite-Resolution-Display-Built-/dp/B00QJDU3KY""]},{""amountMax"":139.99,""amountMin"":139.99,""condition"":""new"",""currency"":""CAD"",""dateAdded"":""2016-03-08T20:21:53Z"",""dateSeen"":[""2016-01-11T00:00:00Z""],""isSale"":""false"",""merchant"":""Amazon"",""shipping"":""free"",""sourceURLs"":[""http://www.amazon.ca/dp/B00QJDU3KY""]},{""amountMax"":119.99,""amountMin"":119.99,""currency"":""USD"",""dateAdded"":""2016-03-08T20:21:53Z"",""dateSeen"":[""2016-03-12T00:00:00Z""],""isSale"":""true"",""merchant"":""Amazon.com"",""sourceURLs"":[""http://www.amazon.com/Kindle-Paperwhite-High-Resolution-Display-Built-/dp/B00QJDU3KY""]},{""amountMax"":119.99,""amountMin"":119.99,""condition"":""new"",""currency"":""EUR"",""dateAdded"":""2016-03-08T20:21:53Z"",""dateSeen"":[""2015-11-15T00:00:00Z""],""isSale"":""false"",""merchant"":""Amazon"",""shipping"":""free"",""sourceURLs"":[""http://www.amazon.co.uk/All-New-Kindle-Paperwhite-Resolution-Display/dp/B00QJDU3KY""]},{""amountMax"":17.99,""amountMin"":17.99,""condition"":""new"",""currency"":""EUR"",""dateAdded"":""2016-03-08T20:21:53Z"",""dateSeen"":[""2016-01-29T00:00:00Z""],""isSale"":""false"",""merchant"":""Amazon EU Sarl"",""shipping"":""free"",""sourceURLs"":[""http://www.amazon.co.uk/Kindle-Paperwhite-Resolution-Display-Built-/dp/B00QJDU3KY""]},{""amountMax"":17.99,""amountMin"":17.99,""condition"":""new"",""currency"":""EUR"",""dateAdded"":""2016-03-08T20:21:53Z"",""dateSeen"":[""2015-11-15T00:00:00Z""],""isSale"":""false"",""merchant"":""Amazon"",""shipping"":""free"",""sourceURLs"":[""http://www.amazon.co.uk/All-New-Kindle-Paperwhite-Resolution-Display/dp/B00QJDU3KY""]},{""amountMax"":139.00,""amountMin"":139.00,""condition"":""new"",""currency"":""CAD"",""dateAdded"":""2016-03-08T20:21:53Z"",""dateSeen"":[""2015-07-06T05:00:00Z""],""isSale"":""false"",""merchant"":""Amazon.ca"",""shipping"":""free"",""sourceURLs"":[""http://www.amazon.ca/dp/B00QJDU3KY""]}]",2015-07-03T00:00:00Z,,,,http://www.amazon.com/Kindle-Paperwhite-High-Resolution-Display-Built-/dp/B00QJDU3KY,"Just got mine right now. Looks the same as the previous generation except for the Kindle logo (it's black this time), feels a little heavier, the screen is a little warmer toned than the previous one, BUT the resolution is SO MUCH BETTER! The 300 ppi are definitely obvious and the new font is worth the money.Totally recommend it for a book lover!I'll give it 4 stars instead of 5 because I am used to a cooler screen, but I'm sure I'll get used to this one soon too :)",Definitely better than the previous generation 16 people found this helpful. Was this review helpful to you Yes No,,,Bandler,,,205 grams
AVpe7AsMilAPnD_xQ78G,B00QJDU3KY,Amazon,"Amazon Devices,mazon.co.uk",,2016-03-08T20:21:53Z,2017-07-18T23:52:58Z,169 mm x 117 mm x 9.1 mm,,kindlepaperwhite/b00qjdu3ky,Amazon,,Kindle Paperwhite,"[{""amountMax"":139.99,""amountMin"":139.99,""currency"":""USD"",""dateAdded"":""2017-07-18T23:52:58Z"",""dateSeen"":[""2017-07-15T18:10:23.807Z"",""2016-03-16T00:00:00Z""],""isSale"":""false"",""merchant"":""Amazon.com"",""shipping"":""FREE Shipping."",""sourceURLs"":[""https://www.amazon.com/Kindle-Paperwhite-High-Resolution-Display-Built/dp/B00QJDU3KY/ref=lp_6669702011_1_7/132-1677641-8459202?s=amazon-devices&ie=UTF8&qid=1498832761&sr=1-7"",""http://www.amazon.com/Kindle-Paperwhite-High-Resolution-Display-Built-/dp/B00QJDU3KY""]},{""amountMax"":119.99,""amountMin"":119.99,""condition"":""new"",""currency"":""EUR"",""dateAdded"":""2016-03-08T20:21:53Z"",""dateSeen"":[""2016-01-29T00:00:00Z""],""isSale"":""false"",""merchant"":""Amazon EU Sarl"",""shipping"":""free"",""sourceURLs"":[""http://www.amazon.co.uk/Kindle-Paperwhite-Resolution-Display-Built-/dp/B00QJDU3KY""]},{""amountMax"":139.99,""amountMin"":139.99,""condition"":""new"",""currency"":""CAD"",""dateAdded"":""2016-03-08T20:21:53Z"",""dateSeen"":[""2016-01-11T00:00:00Z""],""isSale"":""false"",""merchant"":""Amazon"",""shipping"":""free"",""sourceURLs"":[""http://www.amazon.ca/dp/B00QJDU3KY""]},{""amountMax"":119.99,""amountMin"":119.99,""currency"":""USD"",""dateAdded"":""2016-03-08T20:21:53Z"",""dateSeen"":[""2016-03-12T00:00:00Z""],""isSale"":""true"",""merchant"":""Amazon.com"",""sourceURLs"":[""http://www.amazon.com/Kindle-Paperwhite-High-Resolution-Display-Built-/dp/B00QJDU3KY""]},{""amountMax"":119.99,""amountMin"":119.99,""condition"":""new"",""currency"":""EUR"",""dateAdded"":""2016-03-08T20:21:53Z"",""dateSeen"":[""2015-11-15T00:00:00Z""],""isSale"":""false"",""merchant"":""Amazon"",""shipping"":""free"",""sourceURLs"":[""http://www.amazon.co.uk/All-New-Kindle-Paperwhite-Resolution-Display/dp/B00QJDU3KY""]},{""amountMax"":17.99,""amountMin"":17.99,""condition"":""new"",""currency"":""EUR"",""dateAdded"":""2016-03-08T20:21:53Z"",""dateSeen"":[""2016-01-29T00:00:00Z""],""isSale"":""false"",""merchant"":""Amazon EU Sarl"",""shipping"":""free"",""sourceURLs"":[""http://www.amazon.co.uk/Kindle-Paperwhite-Resolution-Display-Built-/dp/B00QJDU3KY""]},{""amountMax"":17.99,""amountMin"":17.99,""condition"":""new"",""currency"":""EUR"",""dateAdded"":""2016-03-08T20:21:53Z"",""dateSeen"":[""2015-11-15T00:00:00Z""],""isSale"":""false"",""merchant"":""Amazon"",""shipping"":""free"",""sourceURLs"":[""http://www.amazon.co.uk/All-New-Kindle-Paperwhite-Resolution-Display/dp/B00QJDU3KY""]},{""amountMax"":139.00,""amountMin"":139.00,""condition"":""new"",""currency"":""CAD"",""dateAdded"":""2016-03-08T20:21:53Z"",""dateSeen"":[""2015-07-06T05:00:00Z""],""isSale"":""false"",""merchant"":""Amazon.ca"",""shipping"":""free"",""sourceURLs"":[""http://www.amazon.ca/dp/B00QJDU3KY""]}]",2015-08-08T00:00:00Z,,,,http://www.amazon.com/Kindle-Paperwhite-High-Resolution-Display-Built-/dp/B00QJDU3KY,"I initially had trouble deciding between the paperwhite and the voyage because reviews more or less said the same thing: the paperwhite is great, but if you have spending money, go for the voyage.Fortunately, I had friends who owned each, so I ended up buying the paperwhite on this basis: both models now have 300 ppi, so the 80 dollar jump turns out pricey the voyage's page press isn't always sensitive, and if you are fine with a specific setting, you don't need auto light adjustment).It's been a week and I am loving my paperwhite, no regrets! The touch screen is receptive and easy to use, and I keep the light at a specific setting regardless of the time of day. (In any case, it's not hard to change the setting either, as you'll only be changing the light level at a certain time of day, not every now and then while reading).Also glad that I went for the international shipping option with Amazon. Extra expense, but delivery was on time, with tracking, and I didnt need to worry about customs, which I may have if I used a third party shipping service.","Paperwhite voyage, no regrets! 16 people found this helpful. Was this review helpful to you Yes No",,,Cristina M,,,205 grams
AVpe7AsMilAPnD_xQ78G,B00QJDU3KY,Amazon,"Amazon Devices,mazon.co.uk",,2016-03-08T20:21:53Z,2017-07-18T23:52:58Z,169 mm x 117 mm x 9.1 mm,,kindlepaperwhite/b00qjdu3ky,Amazon,,Kindle Paperwhite,"[{""amountMax"":139.99,""amountMin"":139.99,""currency"":""USD"",""dateAdded"":""2017-07-18T23:52:58Z"",""dateSeen"":[""2017-07-15T18:10:23.807Z"",""2016-03-16T00:00:00Z""],""isSale"":""false"",""merchant"":""Amazon.com"",""shipping"":""FREE Shipping."",""sourceURLs"":[""https://www.amazon.com/Kindle-Paperwhite-High-Resolution-Display-Built/dp/B00QJDU3KY/ref=lp_6669702011_1_7/132-1677641-8459202?s=amazon-devices&ie=UTF8&qid=1498832761&sr=1-7"",""http://www.amazon.com/Kindle-Paperwhite-High-Resolution-Display-Built-/dp/B00QJDU3KY""]},{""amountMax"":119.99,""amountMin"":119.99,""condition"":""new"",""currency"":""EUR"",""dateAdded"":""2016-03-08T20:21:53Z"",""dateSeen"":[""2016-01-29T00:00:00Z""],""isSale"":""false"",""merchant"":""Amazon EU Sarl"",""shipping"":""free"",""sourceURLs"":[""http://www.amazon.co.uk/Kindle-Paperwhite-Resolution-Display-Built-/dp/B00QJDU3KY""]},{""amountMax"":139.99,""amountMin"":139.99,""condition"":""new"",""currency"":""CAD"",""dateAdded"":""2016-03-08T20:21:53Z"",""dateSeen"":[""2016-01-11T00:00:00Z""],""isSale"":""false"",""merchant"":""Amazon"",""shipping"":""free"",""sourceURLs"":[""http://www.amazon.ca/dp/B00QJDU3KY""]},{""amountMax"":119.99,""amountMin"":119.99,""currency"":""USD"",""dateAdded"":""2016-03-08T20:21:53Z"",""dateSeen"":[""2016-03-12T00:00:00Z""],""isSale"":""true"",""merchant"":""Amazon.com"",""sourceURLs"":[""http://www.amazon.com/Kindle-Paperwhite-High-Resolution-Display-Built-/dp/B00QJDU3KY""]},{""amountMax"":119.99,""amountMin"":119.99,""condition"":""new"",""currency"":""EUR"",""dateAdded"":""2016-03-08T20:21:53Z"",""dateSeen"":[""2015-11-15T00:00:00Z""],""isSale"":""false"",""merchant"":""Amazon"",""shipping"":""free"",""sourceURLs"":[""http://www.amazon.co.uk/All-New-Kindle-Paperwhite-Resolution-Display/dp/B00QJDU3KY""]},{""amountMax"":17.99,""amountMin"":17.99,""condition"":""new"",""currency"":""EUR"",""dateAdded"":""2016-03-08T20:21:53Z"",""dateSeen"":[""2016-01-29T00:00:00Z""],""isSale"":""false"",""merchant"":""Amazon EU Sarl"",""shipping"":""free"",""sourceURLs"":[""http://www.amazon.co.uk/Kindle-Paperwhite-Resolution-Display-Built-/dp/B00QJDU3KY""]},{""amountMax"":17.99,""amountMin"":17.99,""condition"":""new"",""currency"":""EUR"",""dateAdded"":""2016-03-08T20:21:53Z"",""dateSeen"":[""2015-11-15T00:00:00Z""],""isSale"":""false"",""merchant"":""Amazon"",""shipping"":""free"",""sourceURLs"":[""http://www.amazon.co.uk/All-New-Kindle-Paperwhite-Resolution-Display/dp/B00QJDU3KY""]},{""amountMax"":139.00,""amountMin"":139.00,""condition"":""new"",""currency"":""CAD"",""dateAdded"":""2016-03-08T20:21:53Z"",""dateSeen"":[""2015-07-06T05:00:00Z""],""isSale"":""false"",""merchant"":""Amazon.ca"",""shipping"":""free"",""sourceURLs"":[""http://www.amazon.ca/dp/B00QJDU3KY""]}]",2015-07-20T00:00:00Z,,,,http://www.amazon.com/Kindle-Paperwhite-High-Resolution-Display-Built-/dp/B00QJDU3KY,I am enjoying it so far. Great for reading. Had the original Fire since 2012. The Fire used to make my eyes hurt if I read too long. Haven't experienced that with the Paperwhite yet.,Great for those that just want an e-reader 19 people found this helpful. Was this review helpful to you Yes No,,,Tedd Gardiner,,,205 grams
AVpe7AsMilAPnD_xQ78G,B00QJDU3KY,Amazon,"Amazon Devices,mazon.co.uk",,2016-03-08T20:21:53Z,2017-07-18T23:52:58Z,169 mm x 117 mm x 9.1 mm,,kindlepaperwhite/b00qjdu3ky,Amazon,,Kindle Paperwhite,"[{""amountMax"":139.99,""amountMin"":139.99,""currency"":""USD"",""dateAdded"":""2017-07-18T23:52:58Z"",""dateSeen"":[""2017-07-15T18:10:23.807Z"",""2016-03-16T00:00:00Z""],""isSale"":""false"",""merchant"":""Amazon.com"",""shipping"":""FREE Shipping."",""sourceURLs"":[""https://www.amazon.com/Kindle-Paperwhite-High-Resolution-Display-Built/dp/B00QJDU3KY/ref=lp_6669702011_1_7/132-1677641-8459202?s=amazon-devices&ie=UTF8&qid=1498832761&sr=1-7"",""http://www.amazon.com/Kindle-Paperwhite-High-Resolution-Display-Built-/dp/B00QJDU3KY""]},{""amountMax"":119.99,""amountMin"":119.99,""condition"":""new"",""currency"":""EUR"",""dateAdded"":""2016-03-08T20:21:53Z"",""dateSeen"":[""2016-01-29T00:00:00Z""],""isSale"":""false"",""merchant"":""Amazon EU Sarl"",""shipping"":""free"",""sourceURLs"":[""http://www.amazon.co.uk/Kindle-Paperwhite-Resolution-Display-Built-/dp/B00QJDU3KY""]},{""amountMax"":139.99,""amountMin"":139.99,""condition"":""new"",""currency"":""CAD"",""dateAdded"":""2016-03-08T20:21:53Z"",""dateSeen"":[""2016-01-11T00:00:00Z""],""isSale"":""false"",""merchant"":""Amazon"",""shipping"":""free"",""sourceURLs"":[""http://www.amazon.ca/dp/B00QJDU3KY""]},{""amountMax"":119.99,""amountMin"":119.99,""currency"":""USD"",""dateAdded"":""2016-03-08T20:21:53Z"",""dateSeen"":[""2016-03-12T00:00:00Z""],""isSale"":""true"",""merchant"":""Amazon.com"",""sourceURLs"":[""http://www.amazon.com/Kindle-Paperwhite-High-Resolution-Display-Built-/dp/B00QJDU3KY""]},{""amountMax"":119.99,""amountMin"":119.99,""condition"":""new"",""currency"":""EUR"",""dateAdded"":""2016-03-08T20:21:53Z"",""dateSeen"":[""2015-11-15T00:00:00Z""],""isSale"":""false"",""merchant"":""Amazon"",""shipping"":""free"",""sourceURLs"":[""http://www.amazon.co.uk/All-New-Kindle-Paperwhite-Resolution-Display/dp/B00QJDU3KY""]},{""amountMax"":17.99,""amountMin"":17.99,""condition"":""new"",""currency"":""EUR"",""dateAdded"":""2016-03-08T20:21:53Z"",""dateSeen"":[""2016-01-29T00:00:00Z""],""isSale"":""false"",""merchant"":""Amazon EU Sarl"",""shipping"":""free"",""sourceURLs"":[""http://www.amazon.co.uk/Kindle-Paperwhite-Resolution-Display-Built-/dp/B00QJDU3KY""]},{""amountMax"":17.99,""amountMin"":17.99,""condition"":""new"",""currency"":""EUR"",""dateAdded"":""2016-03-08T20:21:53Z"",""dateSeen"":[""2015-11-15T00:00:00Z""],""isSale"":""false"",""merchant"":""Amazon"",""shipping"":""free"",""sourceURLs"":[""http://www.amazon.co.uk/All-New-Kindle-Paperwhite-Resolution-Display/dp/B00QJDU3KY""]},{""amountMax"":139.00,""amountMin"":139.00,""condition"":""new"",""currency"":""CAD"",""dateAdded"":""2016-03-08T20:21:53Z"",""dateSeen"":[""2015-07-06T05:00:00Z""],""isSale"":""false"",""merchant"":""Amazon.ca"",""shipping"":""free"",""sourceURLs"":[""http://www.amazon.ca/dp/B00QJDU3KY""]}]",2015-07-01T00:00:00Z,,,,http://www.amazon.com/Kindle-Paperwhite-High-Resolution-Display-Built-/dp/B00QJDU3KY,"As reviewed by the wife This is the perfect thing for a new mommy who loves to read books! As soon as I had my baby girl, I had to stop reading my novels because I had to give the baby my full attention. But how much time do I spend laying in bed, on my side, with the baby while she feeds Especially prior to 4 months when feeding took as long as 45 minutes! Not to mention cluster feeds during growth spurts! A book was out of the question because it's sooo tiring to hold up in side-lying-breastfeeding-position. My new Kindle was the solution! It's light, easy to disinfect (I use baby wipes on the case whenever I feel like it's not clean enough to go on the bed with the baby) and you don't need to keep a finger in the middle of the pages to keep it from closing - you know what I mean!And for some reason it's much easier to go through a book with a Kindle compared to an actual book. I never thought I'd be converted into the Kindle culture but here we are!",Give this to a book-loving-new-mommy-who-breastfeeds 34 people found this helpful. Was this review helpful to you Yes No,,,Miguel Martinez,,,205 grams
AVpe7AsMilAPnD_xQ78G,B00QJDU3KY,Amazon,"Amazon Devices,mazon.co.uk",,2016-03-08T20:21:53Z,2017-07-18T23:52:58Z,169 mm x 117 mm x 9.1 mm,,kindlepaperwhite/b00qjdu3ky,Amazon,,Kindle Paperwhite,"[{""amountMax"":139.99,""amountMin"":139.99,""currency"":""USD"",""dateAdded"":""2017-07-18T23:52:58Z"",""dateSeen"":[""2017-07-15T18:10:23.807Z"",""2016-03-16T00:00:00Z""],""isSale"":""false"",""merchant"":""Amazon.com"",""shipping"":""FREE Shipping."",""sourceURLs"":[""https://www.amazon.com/Kindle-Paperwhite-High-Resolution-Display-Built/dp/B00QJDU3KY/ref=lp_6669702011_1_7/132-1677641-8459202?s=amazon-devices&ie=UTF8&qid=1498832761&sr=1-7"",""http://www.amazon.com/Kindle-Paperwhite-High-Resolution-Display-Built-/dp/B00QJDU3KY""]},{""amountMax"":119.99,""amountMin"":119.99,""condition"":""new"",""currency"":""EUR"",""dateAdded"":""2016-03-08T20:21:53Z"",""dateSeen"":[""2016-01-29T00:00:00Z""],""isSale"":""false"",""merchant"":""Amazon EU Sarl"",""shipping"":""free"",""sourceURLs"":[""http://www.amazon.co.uk/Kindle-Paperwhite-Resolution-Display-Built-/dp/B00QJDU3KY""]},{""amountMax"":139.99,""amountMin"":139.99,""condition"":""new"",""currency"":""CAD"",""dateAdded"":""2016-03-08T20:21:53Z"",""dateSeen"":[""2016-01-11T00:00:00Z""],""isSale"":""false"",""merchant"":""Amazon"",""shipping"":""free"",""sourceURLs"":[""http://www.amazon.ca/dp/B00QJDU3KY""]},{""amountMax"":119.99,""amountMin"":119.99,""currency"":""USD"",""dateAdded"":""2016-03-08T20:21:53Z"",""dateSeen"":[""2016-03-12T00:00:00Z""],""isSale"":""true"",""merchant"":""Amazon.com"",""sourceURLs"":[""http://www.amazon.com/Kindle-Paperwhite-High-Resolution-Display-Built-/dp/B00QJDU3KY""]},{""amountMax"":119.99,""amountMin"":119.99,""condition"":""new"",""currency"":""EUR"",""dateAdded"":""2016-03-08T20:21:53Z"",""dateSeen"":[""2015-11-15T00:00:00Z""],""isSale"":""false"",""merchant"":""Amazon"",""shipping"":""free"",""sourceURLs"":[""http://www.amazon.co.uk/All-New-Kindle-Paperwhite-Resolution-Display/dp/B00QJDU3KY""]},{""amountMax"":17.99,""amountMin"":17.99,""condition"":""new"",""currency"":""EUR"",""dateAdded"":""2016-03-08T20:21:53Z"",""dateSeen"":[""2016-01-29T00:00:00Z""],""isSale"":""false"",""merchant"":""Amazon EU Sarl"",""shipping"":""free"",""sourceURLs"":[""http://www.amazon.co.uk/Kindle-Paperwhite-Resolution-Display-Built-/dp/B00QJDU3KY""]},{""amountMax"":17.99,""amountMin"":17.99,""condition"":""new"",""currency"":""EUR"",""dateAdded"":""2016-03-08T20:21:53Z"",""dateSeen"":[""2015-11-15T00:00:00Z""],""isSale"":""false"",""merchant"":""Amazon"",""shipping"":""free"",""sourceURLs"":[""http://www.amazon.co.uk/All-New-Kindle-Paperwhite-Resolution-Display/dp/B00QJDU3KY""]},{""amountMax"":139.00,""amountMin"":139.00,""condition"":""new"",""currency"":""CAD"",""dateAdded"":""2016-03-08T20:21:53Z"",""dateSeen"":[""2015-07-06T05:00:00Z""],""isSale"":""false"",""merchant"":""Amazon.ca"",""shipping"":""free"",""sourceURLs"":[""http://www.amazon.ca/dp/B00QJDU3KY""]}]",2015-08-05T00:00:00Z,,,,http://www.amazon.com/Kindle-Paperwhite-High-Resolution-Display-Built-/dp/B00QJDU3KY,"My new Kindle Paperwhite came from the USA to a small town in Sweden in just five days. Payment of tax and customs handled by Amazon. Had not the UPS been so square (they think everyone sits at home all day) I had received it a day earlier.I am very pleased with the e-reader, easy on the eyes, and comfortable to hold in one hand. Even if I buy many books from Amazon I also want to read books in the ePub format. A positive surprise was how easy it is to convert ePub format to Amazon's own format. I use the program Calibre and then I just send the book as an attachment in an e-mail to my Kindle. Quick and easy!","Trouble-free international shipping, and easy to convert ePub 9 people found this helpful. Was this review helpful to you Yes No",,,Magnus Brattemark,,,205 grams
AVpe7AsMilAPnD_xQ78G,B00QJDU3KY,Amazon,"Amazon Devices,mazon.co.uk",,2016-03-08T20:21:53Z,2017-07-18T23:52:58Z,169 mm x 117 mm x 9.1 mm,,kindlepaperwhite/b00qjdu3ky,Amazon,,Kindle Paperwhite,"[{""amountMax"":139.99,""amountMin"":139.99,""currency"":""USD"",""dateAdded"":""2017-07-18T23:52:58Z"",""dateSeen"":[""2017-07-15T18:10:23.807Z"",""2016-03-16T00:00:00Z""],""isSale"":""false"",""merchant"":""Amazon.com"",""shipping"":""FREE Shipping."",""sourceURLs"":[""https://www.amazon.com/Kindle-Paperwhite-High-Resolution-Display-Built/dp/B00QJDU3KY/ref=lp_6669702011_1_7/132-1677641-8459202?s=amazon-devices&ie=UTF8&qid=1498832761&sr=1-7"",""http://www.amazon.com/Kindle-Paperwhite-High-Resolution-Display-Built-/dp/B00QJDU3KY""]},{""amountMax"":119.99,""amountMin"":119.99,""condition"":""new"",""currency"":""EUR"",""dateAdded"":""2016-03-08T20:21:53Z"",""dateSeen"":[""2016-01-29T00:00:00Z""],""isSale"":""false"",""merchant"":""Amazon EU Sarl"",""shipping"":""free"",""sourceURLs"":[""http://www.amazon.co.uk/Kindle-Paperwhite-Resolution-Display-Built-/dp/B00QJDU3KY""]},{""amountMax"":139.99,""amountMin"":139.99,""condition"":""new"",""currency"":""CAD"",""dateAdded"":""2016-03-08T20:21:53Z"",""dateSeen"":[""2016-01-11T00:00:00Z""],""isSale"":""false"",""merchant"":""Amazon"",""shipping"":""free"",""sourceURLs"":[""http://www.amazon.ca/dp/B00QJDU3KY""]},{""amountMax"":119.99,""amountMin"":119.99,""currency"":""USD"",""dateAdded"":""2016-03-08T20:21:53Z"",""dateSeen"":[""2016-03-12T00:00:00Z""],""isSale"":""true"",""merchant"":""Amazon.com"",""sourceURLs"":[""http://www.amazon.com/Kindle-Paperwhite-High-Resolution-Display-Built-/dp/B00QJDU3KY""]},{""amountMax"":119.99,""amountMin"":119.99,""condition"":""new"",""currency"":""EUR"",""dateAdded"":""2016-03-08T20:21:53Z"",""dateSeen"":[""2015-11-15T00:00:00Z""],""isSale"":""false"",""merchant"":""Amazon"",""shipping"":""free"",""sourceURLs"":[""http://www.amazon.co.uk/All-New-Kindle-Paperwhite-Resolution-Display/dp/B00QJDU3KY""]},{""amountMax"":17.99,""amountMin"":17.99,""condition"":""new"",""currency"":""EUR"",""dateAdded"":""2016-03-08T20:21:53Z"",""dateSeen"":[""2016-01-29T00:00:00Z""],""isSale"":""false"",""merchant"":""Amazon EU Sarl"",""shipping"":""free"",""sourceURLs"":[""http://www.amazon.co.uk/Kindle-Paperwhite-Resolution-Display-Built-/dp/B00QJDU3KY""]},{""amountMax"":17.99,""amountMin"":17.99,""condition"":""new"",""currency"":""EUR"",""dateAdded"":""2016-03-08T20:21:53Z"",""dateSeen"":[""2015-11-15T00:00:00Z""],""isSale"":""false"",""merchant"":""Amazon"",""shipping"":""free"",""sourceURLs"":[""http://www.amazon.co.uk/All-New-Kindle-Paperwhite-Resolution-Display/dp/B00QJDU3KY""]},{""amountMax"":139.00,""amountMin"":139.00,""condition"":""new"",""currency"":""CAD"",""dateAdded"":""2016-03-08T20:21:53Z"",""dateSeen"":[""2015-07-06T05:00:00Z""],""isSale"":""false"",""merchant"":""Amazon.ca"",""shipping"":""free"",""sourceURLs"":[""http://www.amazon.ca/dp/B00QJDU3KY""]}]",2015-07-20T00:00:00Z,,,,http://www.amazon.com/Kindle-Paperwhite-High-Resolution-Display-Built-/dp/B00QJDU3KY,I am enjoying it so far. Great for reading. Had the original Fire since 2012. The Fire used to make my eyes hurt if I read too long. Haven't experienced that with the Paperwhite yet.,Great for those that just want an e-reader 18 people found this helpful. Was this review helpful to you Yes No,,,Tedd Gardiner,,,205 grams
AVpe7AsMilAPnD_xQ78G,B00QJDU3KY,Amazon,"Amazon Devices,mazon.co.uk",,2016-03-08T20:21:53Z,2017-07-18T23:52:58Z,169 mm x 117 mm x 9.1 mm,,kindlepaperwhite/b00qjdu3ky,Amazon,,Kindle Paperwhite,"[{""amountMax"":139.99,""amountMin"":139.99,""currency"":""USD"",""dateAdded"":""2017-07-18T23:52:58Z"",""dateSeen"":[""2017-07-15T18:10:23.807Z"",""2016-03-16T00:00:00Z""],""isSale"":""false"",""merchant"":""Amazon.com"",""shipping"":""FREE Shipping."",""sourceURLs"":[""https://www.amazon.com/Kindle-Paperwhite-High-Resolution-Display-Built/dp/B00QJDU3KY/ref=lp_6669702011_1_7/132-1677641-8459202?s=amazon-devices&ie=UTF8&qid=1498832761&sr=1-7"",""http://www.amazon.com/Kindle-Paperwhite-High-Resolution-Display-Built-/dp/B00QJDU3KY""]},{""amountMax"":119.99,""amountMin"":119.99,""condition"":""new"",""currency"":""EUR"",""dateAdded"":""2016-03-08T20:21:53Z"",""dateSeen"":[""2016-01-29T00:00:00Z""],""isSale"":""false"",""merchant"":""Amazon EU Sarl"",""shipping"":""free"",""sourceURLs"":[""http://www.amazon.co.uk/Kindle-Paperwhite-Resolution-Display-Built-/dp/B00QJDU3KY""]},{""amountMax"":139.99,""amountMin"":139.99,""condition"":""new"",""currency"":""CAD"",""dateAdded"":""2016-03-08T20:21:53Z"",""dateSeen"":[""2016-01-11T00:00:00Z""],""isSale"":""false"",""merchant"":""Amazon"",""shipping"":""free"",""sourceURLs"":[""http://www.amazon.ca/dp/B00QJDU3KY""]},{""amountMax"":119.99,""amountMin"":119.99,""currency"":""USD"",""dateAdded"":""2016-03-08T20:21:53Z"",""dateSeen"":[""2016-03-12T00:00:00Z""],""isSale"":""true"",""merchant"":""Amazon.com"",""sourceURLs"":[""http://www.amazon.com/Kindle-Paperwhite-High-Resolution-Display-Built-/dp/B00QJDU3KY""]},{""amountMax"":119.99,""amountMin"":119.99,""condition"":""new"",""currency"":""EUR"",""dateAdded"":""2016-03-08T20:21:53Z"",""dateSeen"":[""2015-11-15T00:00:00Z""],""isSale"":""false"",""merchant"":""Amazon"",""shipping"":""free"",""sourceURLs"":[""http://www.amazon.co.uk/All-New-Kindle-Paperwhite-Resolution-Display/dp/B00QJDU3KY""]},{""amountMax"":17.99,""amountMin"":17.99,""condition"":""new"",""currency"":""EUR"",""dateAdded"":""2016-03-08T20:21:53Z"",""dateSeen"":[""2016-01-29T00:00:00Z""],""isSale"":""false"",""merchant"":""Amazon EU Sarl"",""shipping"":""free"",""sourceURLs"":[""http://www.amazon.co.uk/Kindle-Paperwhite-Resolution-Display-Built-/dp/B00QJDU3KY""]},{""amountMax"":17.99,""amountMin"":17.99,""condition"":""new"",""currency"":""EUR"",""dateAdded"":""2016-03-08T20:21:53Z"",""dateSeen"":[""2015-11-15T00:00:00Z""],""isSale"":""false"",""merchant"":""Amazon"",""shipping"":""free"",""sourceURLs"":[""http://www.amazon.co.uk/All-New-Kindle-Paperwhite-Resolution-Display/dp/B00QJDU3KY""]},{""amountMax"":139.00,""amountMin"":139.00,""condition"":""new"",""currency"":""CAD"",""dateAdded"":""2016-03-08T20:21:53Z"",""dateSeen"":[""2015-07-06T05:00:00Z""],""isSale"":""false"",""merchant"":""Amazon.ca"",""shipping"":""free"",""sourceURLs"":[""http://www.amazon.ca/dp/B00QJDU3KY""]}]",,,,4.0,http://www.amazon.ca/product-reviews/B00QJDU3KY,"Had older model, that you could text to speech, this one hasn't. Liked the smaller size, but having to buy a different cover! Still getting used to shelf quite different from my 4 year old model.Paper white is nice reading.",Liked the smaller size,,,Janet Matthews Jan,,,205 grams
AVpe7AsMilAPnD_xQ78G,B00QJDU3KY,Amazon,"Amazon Devices,mazon.co.uk",,2016-03-08T20:21:53Z,2017-07-18T23:52:58Z,169 mm x 117 mm x 9.1 mm,,kindlepaperwhite/b00qjdu3ky,Amazon,,Kindle Paperwhite,"[{""amountMax"":139.99,""amountMin"":139.99,""currency"":""USD"",""dateAdded"":""2017-07-18T23:52:58Z"",""dateSeen"":[""2017-07-15T18:10:23.807Z"",""2016-03-16T00:00:00Z""],""isSale"":""false"",""merchant"":""Amazon.com"",""shipping"":""FREE Shipping."",""sourceURLs"":[""https://www.amazon.com/Kindle-Paperwhite-High-Resolution-Display-Built/dp/B00QJDU3KY/ref=lp_6669702011_1_7/132-1677641-8459202?s=amazon-devices&ie=UTF8&qid=1498832761&sr=1-7"",""http://www.amazon.com/Kindle-Paperwhite-High-Resolution-Display-Built-/dp/B00QJDU3KY""]},{""amountMax"":119.99,""amountMin"":119.99,""condition"":""new"",""currency"":""EUR"",""dateAdded"":""2016-03-08T20:21:53Z"",""dateSeen"":[""2016-01-29T00:00:00Z""],""isSale"":""false"",""merchant"":""Amazon EU Sarl"",""shipping"":""free"",""sourceURLs"":[""http://www.amazon.co.uk/Kindle-Paperwhite-Resolution-Display-Built-/dp/B00QJDU3KY""]},{""amountMax"":139.99,""amountMin"":139.99,""condition"":""new"",""currency"":""CAD"",""dateAdded"":""2016-03-08T20:21:53Z"",""dateSeen"":[""2016-01-11T00:00:00Z""],""isSale"":""false"",""merchant"":""Amazon"",""shipping"":""free"",""sourceURLs"":[""http://www.amazon.ca/dp/B00QJDU3KY""]},{""amountMax"":119.99,""amountMin"":119.99,""currency"":""USD"",""dateAdded"":""2016-03-08T20:21:53Z"",""dateSeen"":[""2016-03-12T00:00:00Z""],""isSale"":""true"",""merchant"":""Amazon.com"",""sourceURLs"":[""http://www.amazon.com/Kindle-Paperwhite-High-Resolution-Display-Built-/dp/B00QJDU3KY""]},{""amountMax"":119.99,""amountMin"":119.99,""condition"":""new"",""currency"":""EUR"",""dateAdded"":""2016-03-08T20:21:53Z"",""dateSeen"":[""2015-11-15T00:00:00Z""],""isSale"":""false"",""merchant"":""Amazon"",""shipping"":""free"",""sourceURLs"":[""http://www.amazon.co.uk/All-New-Kindle-Paperwhite-Resolution-Display/dp/B00QJDU3KY""]},{""amountMax"":17.99,""amountMin"":17.99,""condition"":""new"",""currency"":""EUR"",""dateAdded"":""2016-03-08T20:21:53Z"",""dateSeen"":[""2016-01-29T00:00:00Z""],""isSale"":""false"",""merchant"":""Amazon EU Sarl"",""shipping"":""free"",""sourceURLs"":[""http://www.amazon.co.uk/Kindle-Paperwhite-Resolution-Display-Built-/dp/B00QJDU3KY""]},{""amountMax"":17.99,""amountMin"":17.99,""condition"":""new"",""currency"":""EUR"",""dateAdded"":""2016-03-08T20:21:53Z"",""dateSeen"":[""2015-11-15T00:00:00Z""],""isSale"":""false"",""merchant"":""Amazon"",""shipping"":""free"",""sourceURLs"":[""http://www.amazon.co.uk/All-New-Kindle-Paperwhite-Resolution-Display/dp/B00QJDU3KY""]},{""amountMax"":139.00,""amountMin"":139.00,""condition"":""new"",""currency"":""CAD"",""dateAdded"":""2016-03-08T20:21:53Z"",""dateSeen"":[""2015-07-06T05:00:00Z""],""isSale"":""false"",""merchant"":""Amazon.ca"",""shipping"":""free"",""sourceURLs"":[""http://www.amazon.ca/dp/B00QJDU3KY""]}]",,,,5.0,http://www.amazon.ca/product-reviews/B00QJDU3KY,"This is a review of the Kindle Paperwhite launched July 2015. Essentially. the same as the previous Kindle Paperwhite but with a fantastic upgraded (300 dpi) screen, more memory and storage it's a terrific reading device. This review aims to describe both this product, and compare it with the other Kindle devices available to help you choose the best one for you.Before I start, Ive noticed several complains about Kindle not supporting the ePub format used by Canadian public libraries. Dont be put off, theres a solution in the Frequently Asked Questions section below.This review is broken up into sections so you can skip the less interesting bits. If youre in a hurry Ive included a summary at the start, and a Frequently Asked Questions section at the end.Summary - What can you do with it-----------------------------------------* Read a book. It can store 1,000s of books - take an entire library away with you on holiday.* Buy a book. You can browse the Amazon kindle store, and buy books over a WIFI connection* Borrow a book. Using the Kindle Owners Library you can borrow one of 60,000 books (if you have Amazon Prime Membership)* Share your books. Using Amazon Family Library to link two Amazon accounts and four children and share your books with the entire family* Highlight a section. Using the touch screen, you can highlight a particulary interesting few lines. If several people highlight the same section, that's also indicated.* Record a bookmark. To come back to it later* Read a book on your Kindle, continue on your smartphone or tablet computer, and it will jump to your last known position* Look up a word, and record them in the vocabulary builder* Track a characters appearance throughout a book using the X Ray feature.* Read for weeks without needing to recharge - typically 4-6 weeks* Share you books (Multiple Kindles on the same account, or family sharing)* Access every book you've ever owned on the cloud - available for download within seconds over WIFI or 3G..What Devices are available--------------------------------As of July 2015, Amazon have the following Kindle devices on sale:-1. Kindle 6 (around CDN 79)2. Kindle Paperwhite 6th Generation (212 dpi - launched October 2013) - around CDN 1292. New Kindle Paperwhite 7th Gen (300 dpi - launched July 2015) - around CDN 139-2093. Kindle Voyger - around US 219-289 (Doesnt seem to be on sale in Amazon Canada)4. Kindle Fire - 6 or 7 colour tablet computers at around CDN 300-400So you're faced with a few devices, plus additional options. Which to buy Here's a quick summary in order of cost.*** The entry level Kindle ***An entry level black and white (e-ink) book reader, it has a 6 inch touch screen with enough storage to hold thousands of books, and a battery which should last around 4 weeks.A terrific device to read books, and a worthy contender. For the technically minded, it has a 1Ghz processor and 4Gb of memory with an E-ink display. Essentially this means it's (a) Black and White (b) Fantastic to read even in bright sunlight (c) Requires very little power - hence the battery lasts for weeks instead of hours.*** New Kindle Paperwhite ***Launched in 2015, this is really an upgrade adding a super-sharp display with 300 pixels per inch - the same as the top of the range Voyage. The high resolution screen does provide a crisp text which is pleasing to the eye, but battery life is reduced from 8 weeks of the original Paperwhite to 6 weeks - but still a very long time.Compared to the existing (2013) Paperwhite it also includes double the memory which means its faster and slicker than before, and a new Bookerly font plus better presentation of fonts on screen.If you have an existing Paperwhite its probably not worth upgrading. However, if you own a prior device, youll notice the huge leap in screen quality, contrast and performance.*** The Voyage ***Far more expensive that Paperwhite, this is thinner and 26g lighter. It has more of a quality feel with the screen flush with the e-reader body which makes it look more like a tablet, and keeps dirt from getting caught in the edges. The back has a soft touch plastic finish which feels lovely in the hand, and it has new Page Press buttons on the side to turn the pages. When the buttons are pressed theres a gentle vibration for feedback (nice touch). It has 4Gb of storage (same as the Paperwhite), and a similar battery which should last around 6 weeks on a single charge.Although it has the same sharp (300 dpi) screen as the Paperwhite, the backlight includes an ambient light sensor so it automatically adjusts to different lighting conditions. This means if you read it the dark it will automatically adjust the brightness so it doesnt look too bright. In addition, youll find when you switch off the room light your eyes naturally become accustomed to the darkness. To compensate, the Voyage automatically softens the light slightly. A lovely example of attention to detail in this premium device.*** Kindle Fire Tablet Computer ***The Kindle Fire range is a very different beast to the rest of the Kindle range. Similar to the Apple iPad mini, it has a high resolution screen, a fast processor and lots of memory with a colour screen and a much shorter battery life - hours rather than weeks. Although you can read books on a Fire using the Amazon Kindle App, youll find the Kindle with its sharp black and white screen far more like reading a physical book. Youll find it produces less eye strain, and whereas a tablet computer is better suited to surfing the web, watching videos and reading eMails, the Kindle is a dedicated book reader device.Unlike a Kindle, the Fire produces light at the blue end of the spectrum which means it may make it harder for you to sleep. The Paperwhite and Voyage also ave the advantage of a soft white back-light which is far more suited to reading in bed, and it wont for example, wake your partner if reading in the dark.Finally, unlike the rest of the Kindle range, the Fire is almost useless in bright sunlight so while its fine for everyday use, its less useful on holiday. The Kindle range of devices are perfect to take away on holiday as they can carry thousands of books, and are a pleasure to read even in bright sunlight.What other options do I have----------------------------------Having decided upon the model (Kindle, Paperwhite, Voyage or Fire), the next decision is around:-* Special Offers - ie. adverts* 3G or WIFI connectionPersonally I have no issue with adverts on a Kindle. They only appear on screen when the screen saver is on, and are not at all distracting.The 3G option is a more difficult question. This effectively means you can use your kindle to buy or download books over-the-air instead of at home or near a WIFI hotspot. Personally I went for the WIFI model as the saving is considerable, but its a personal choice. Of course if you wont have WIFI at home, then youll need the 3G option.One point worth mentioning however, is if you have a modern smartphone, you can always create a Personal Hotspot or local WIFI signal that your Kindle (or indeed any other WIFI device) can connect to. Got to Settings Personal Hotspot on your mobile to set one up, and you can connect your WIFI only Kindle while youre out and about.Conclusion-------------If you love books but your on a budget, the original Kindle with WIFI and special offers is a great option. Youll still be able to carry thousands of book around with you, but youll lose out on the soft white back-light and super crisp display of the Papwerwhite.The Kindle Paperwhite is your next best option and is a terrific device for reading with a superb 300 dpi super-sharp screen. Finally, theres the top of the range Voyage with the page press buttons and ambient light sensor which automatically adjusts the brightness.If youre in the market for a Tablet Computer then the Kindle Fire range is worth considering, but youll get a better book reading experience on the Kindle. Myself I have both a Paperwhite and an iPad Air 2. I was skeptical at first, but the Kindle is a perfect device for reading with one hand (on the train), and the back-light and long battery life a huge bonus.Frequently Asked Questions---------------------------------Q: What file format will a Kindle readA: Kindle Format 8 (AZW3), Kindle (AZW), TXT, PDF, unprotected MOBI, PRC natively in addition to HTML, DOC, DOCX, JPEG, GIF, PNG, BMP through conversionQ: What It doesnt support EPUB formatA: No - but you can convert your EPUB books using a freely available program called Calibre. Simple search for You Tube um0teoAR6zw and youll see a video explaining how to do this. Simples.Q: If I lose my Kindle, do I lose my books as wellA: No. All books are available on your Amazon account to download on a new device.Q: Can I save my place in the bookA: Yes. It will automatically save your place, and if you resume on other device it will prompt you to jump to that position.Q: I often need reading glasses - can I adjust the font sizeA: Yes. Theres a range of fonts, and sizes to suit all tastesQ: Can I share books with my partner or childrenA: Yes. You can now share your books using Amazon Family Library to link two Amazon accounts and four children and share your books with the entire familyQ. Can I use a Kindle to read in bedA. Yes. But only on the Paperwhite and Voyage models. Its a pleasure to read in the dark with a soft white light. For the base Kindle model youll need the light onQ. Are there any free books availableA. Yes! Over 40,000 classic titles are available for free (out of copyright), and they can be legally downloaded. If you have a Amazon Prime membership you can also borrow a book from the Kindle Owners Library which includes around 60,000 books.Q: How long does the battery lastA: Depending upon model, you should get between 4 and 6 weeks between charges on around 30 minutes of reading per day. Ive certainly found Ive gone for weeks without charging the deviceQ: How long does it take to chargeA: From absolutely flat, around 4 hoursQ: How many books will the Kindle holdA: Literally thousands. You can also download every book youve ever owned from your Amazon account - so the list is quite literally unlimited.Q: Do I need anything elseA: Youll need a smartphone charger or laptop with a USB socket as the Kindle range doesnt come with a charger (but the Fire does). Amazon also offer an additional charger to buy if you need it. Some people also buy a cover, but I think this is not really needed. It adds to the weight, and is not really needed. It will protect your Kindle from a drop however, and protect the screen if its left knocking around in a bag.",Superb reading device - but which one's best for you,,,John Kat's the brains,,,205 grams
AVpe7AsMilAPnD_xQ78G,B00QJDU3KY,Amazon,"Amazon Devices,mazon.co.uk",,2016-03-08T20:21:53Z,2017-07-18T23:52:58Z,169 mm x 117 mm x 9.1 mm,,kindlepaperwhite/b00qjdu3ky,Amazon,,Kindle Paperwhite,"[{""amountMax"":139.99,""amountMin"":139.99,""currency"":""USD"",""dateAdded"":""2017-07-18T23:52:58Z"",""dateSeen"":[""2017-07-15T18:10:23.807Z"",""2016-03-16T00:00:00Z""],""isSale"":""false"",""merchant"":""Amazon.com"",""shipping"":""FREE Shipping."",""sourceURLs"":[""https://www.amazon.com/Kindle-Paperwhite-High-Resolution-Display-Built/dp/B00QJDU3KY/ref=lp_6669702011_1_7/132-1677641-8459202?s=amazon-devices&ie=UTF8&qid=1498832761&sr=1-7"",""http://www.amazon.com/Kindle-Paperwhite-High-Resolution-Display-Built-/dp/B00QJDU3KY""]},{""amountMax"":119.99,""amountMin"":119.99,""condition"":""new"",""currency"":""EUR"",""dateAdded"":""2016-03-08T20:21:53Z"",""dateSeen"":[""2016-01-29T00:00:00Z""],""isSale"":""false"",""merchant"":""Amazon EU Sarl"",""shipping"":""free"",""sourceURLs"":[""http://www.amazon.co.uk/Kindle-Paperwhite-Resolution-Display-Built-/dp/B00QJDU3KY""]},{""amountMax"":139.99,""amountMin"":139.99,""condition"":""new"",""currency"":""CAD"",""dateAdded"":""2016-03-08T20:21:53Z"",""dateSeen"":[""2016-01-11T00:00:00Z""],""isSale"":""false"",""merchant"":""Amazon"",""shipping"":""free"",""sourceURLs"":[""http://www.amazon.ca/dp/B00QJDU3KY""]},{""amountMax"":119.99,""amountMin"":119.99,""currency"":""USD"",""dateAdded"":""2016-03-08T20:21:53Z"",""dateSeen"":[""2016-03-12T00:00:00Z""],""isSale"":""true"",""merchant"":""Amazon.com"",""sourceURLs"":[""http://www.amazon.com/Kindle-Paperwhite-High-Resolution-Display-Built-/dp/B00QJDU3KY""]},{""amountMax"":119.99,""amountMin"":119.99,""condition"":""new"",""currency"":""EUR"",""dateAdded"":""2016-03-08T20:21:53Z"",""dateSeen"":[""2015-11-15T00:00:00Z""],""isSale"":""false"",""merchant"":""Amazon"",""shipping"":""free"",""sourceURLs"":[""http://www.amazon.co.uk/All-New-Kindle-Paperwhite-Resolution-Display/dp/B00QJDU3KY""]},{""amountMax"":17.99,""amountMin"":17.99,""condition"":""new"",""currency"":""EUR"",""dateAdded"":""2016-03-08T20:21:53Z"",""dateSeen"":[""2016-01-29T00:00:00Z""],""isSale"":""false"",""merchant"":""Amazon EU Sarl"",""shipping"":""free"",""sourceURLs"":[""http://www.amazon.co.uk/Kindle-Paperwhite-Resolution-Display-Built-/dp/B00QJDU3KY""]},{""amountMax"":17.99,""amountMin"":17.99,""condition"":""new"",""currency"":""EUR"",""dateAdded"":""2016-03-08T20:21:53Z"",""dateSeen"":[""2015-11-15T00:00:00Z""],""isSale"":""false"",""merchant"":""Amazon"",""shipping"":""free"",""sourceURLs"":[""http://www.amazon.co.uk/All-New-Kindle-Paperwhite-Resolution-Display/dp/B00QJDU3KY""]},{""amountMax"":139.00,""amountMin"":139.00,""condition"":""new"",""currency"":""CAD"",""dateAdded"":""2016-03-08T20:21:53Z"",""dateSeen"":[""2015-07-06T05:00:00Z""],""isSale"":""false"",""merchant"":""Amazon.ca"",""shipping"":""free"",""sourceURLs"":[""http://www.amazon.ca/dp/B00QJDU3KY""]}]",,,,5.0,http://www.amazon.ca/product-reviews/B00QJDU3KY,"I love my kindle! I got one for my fiance on his birthday, he loved it!!!!!!! so I decided to get one for myself as well and I am glad I did. It is very easy to read books in it. I LOVE the dictionary on this little device. Normally I just skip a word I don't know the meaning of and try to guess what it means in the context but with kindle, I just press and hold my finger on the word I don't know and translation pops up! so essentially, the meaning of a new word is at your finger tips! )If you love to read books, I highly recommend kindle.However, if you only read Manga or Comic books, if you are a fan of buying how to draw, how to sew books I do not recommend kindle for you. It is not easy to navigate trough pictures and slides.So if you are a fan of reading novels just buy it now!If you are a manga fan, just buy your manga books from bookstores.",I love it!,,,samira,,,205 grams
AVpe7AsMilAPnD_xQ78G,B00QJDU3KY,Amazon,"Amazon Devices,mazon.co.uk",,2016-03-08T20:21:53Z,2017-07-18T23:52:58Z,169 mm x 117 mm x 9.1 mm,,kindlepaperwhite/b00qjdu3ky,Amazon,,Kindle Paperwhite,"[{""amountMax"":139.99,""amountMin"":139.99,""currency"":""USD"",""dateAdded"":""2017-07-18T23:52:58Z"",""dateSeen"":[""2017-07-15T18:10:23.807Z"",""2016-03-16T00:00:00Z""],""isSale"":""false"",""merchant"":""Amazon.com"",""shipping"":""FREE Shipping."",""sourceURLs"":[""https://www.amazon.com/Kindle-Paperwhite-High-Resolution-Display-Built/dp/B00QJDU3KY/ref=lp_6669702011_1_7/132-1677641-8459202?s=amazon-devices&ie=UTF8&qid=1498832761&sr=1-7"",""http://www.amazon.com/Kindle-Paperwhite-High-Resolution-Display-Built-/dp/B00QJDU3KY""]},{""amountMax"":119.99,""amountMin"":119.99,""condition"":""new"",""currency"":""EUR"",""dateAdded"":""2016-03-08T20:21:53Z"",""dateSeen"":[""2016-01-29T00:00:00Z""],""isSale"":""false"",""merchant"":""Amazon EU Sarl"",""shipping"":""free"",""sourceURLs"":[""http://www.amazon.co.uk/Kindle-Paperwhite-Resolution-Display-Built-/dp/B00QJDU3KY""]},{""amountMax"":139.99,""amountMin"":139.99,""condition"":""new"",""currency"":""CAD"",""dateAdded"":""2016-03-08T20:21:53Z"",""dateSeen"":[""2016-01-11T00:00:00Z""],""isSale"":""false"",""merchant"":""Amazon"",""shipping"":""free"",""sourceURLs"":[""http://www.amazon.ca/dp/B00QJDU3KY""]},{""amountMax"":119.99,""amountMin"":119.99,""currency"":""USD"",""dateAdded"":""2016-03-08T20:21:53Z"",""dateSeen"":[""2016-03-12T00:00:00Z""],""isSale"":""true"",""merchant"":""Amazon.com"",""sourceURLs"":[""http://www.amazon.com/Kindle-Paperwhite-High-Resolution-Display-Built-/dp/B00QJDU3KY""]},{""amountMax"":119.99,""amountMin"":119.99,""condition"":""new"",""currency"":""EUR"",""dateAdded"":""2016-03-08T20:21:53Z"",""dateSeen"":[""2015-11-15T00:00:00Z""],""isSale"":""false"",""merchant"":""Amazon"",""shipping"":""free"",""sourceURLs"":[""http://www.amazon.co.uk/All-New-Kindle-Paperwhite-Resolution-Display/dp/B00QJDU3KY""]},{""amountMax"":17.99,""amountMin"":17.99,""condition"":""new"",""currency"":""EUR"",""dateAdded"":""2016-03-08T20:21:53Z"",""dateSeen"":[""2016-01-29T00:00:00Z""],""isSale"":""false"",""merchant"":""Amazon EU Sarl"",""shipping"":""free"",""sourceURLs"":[""http://www.amazon.co.uk/Kindle-Paperwhite-Resolution-Display-Built-/dp/B00QJDU3KY""]},{""amountMax"":17.99,""amountMin"":17.99,""condition"":""new"",""currency"":""EUR"",""dateAdded"":""2016-03-08T20:21:53Z"",""dateSeen"":[""2015-11-15T00:00:00Z""],""isSale"":""false"",""merchant"":""Amazon"",""shipping"":""free"",""sourceURLs"":[""http://www.amazon.co.uk/All-New-Kindle-Paperwhite-Resolution-Display/dp/B00QJDU3KY""]},{""amountMax"":139.00,""amountMin"":139.00,""condition"":""new"",""currency"":""CAD"",""dateAdded"":""2016-03-08T20:21:53Z"",""dateSeen"":[""2015-07-06T05:00:00Z""],""isSale"":""false"",""merchant"":""Amazon.ca"",""shipping"":""free"",""sourceURLs"":[""http://www.amazon.ca/dp/B00QJDU3KY""]}]",,,,4.0,http://www.amazon.ca/product-reviews/B00QJDU3KY,"Vraiment bon petit appareil , lger et facile d emploiJ ai hte de m en servir sur les plages cet hiverBelle bibliothque de livres disponiblesBon achat en bref",Un plaisir,,,Louis simard,,,205 grams
AVpe7AsMilAPnD_xQ78G,B00QJDU3KY,Amazon,"Amazon Devices,mazon.co.uk",,2016-03-08T20:21:53Z,2017-07-18T23:52:58Z,169 mm x 117 mm x 9.1 mm,,kindlepaperwhite/b00qjdu3ky,Amazon,,Kindle Paperwhite,"[{""amountMax"":139.99,""amountMin"":139.99,""currency"":""USD"",""dateAdded"":""2017-07-18T23:52:58Z"",""dateSeen"":[""2017-07-15T18:10:23.807Z"",""2016-03-16T00:00:00Z""],""isSale"":""false"",""merchant"":""Amazon.com"",""shipping"":""FREE Shipping."",""sourceURLs"":[""https://www.amazon.com/Kindle-Paperwhite-High-Resolution-Display-Built/dp/B00QJDU3KY/ref=lp_6669702011_1_7/132-1677641-8459202?s=amazon-devices&ie=UTF8&qid=1498832761&sr=1-7"",""http://www.amazon.com/Kindle-Paperwhite-High-Resolution-Display-Built-/dp/B00QJDU3KY""]},{""amountMax"":119.99,""amountMin"":119.99,""condition"":""new"",""currency"":""EUR"",""dateAdded"":""2016-03-08T20:21:53Z"",""dateSeen"":[""2016-01-29T00:00:00Z""],""isSale"":""false"",""merchant"":""Amazon EU Sarl"",""shipping"":""free"",""sourceURLs"":[""http://www.amazon.co.uk/Kindle-Paperwhite-Resolution-Display-Built-/dp/B00QJDU3KY""]},{""amountMax"":139.99,""amountMin"":139.99,""condition"":""new"",""currency"":""CAD"",""dateAdded"":""2016-03-08T20:21:53Z"",""dateSeen"":[""2016-01-11T00:00:00Z""],""isSale"":""false"",""merchant"":""Amazon"",""shipping"":""free"",""sourceURLs"":[""http://www.amazon.ca/dp/B00QJDU3KY""]},{""amountMax"":119.99,""amountMin"":119.99,""currency"":""USD"",""dateAdded"":""2016-03-08T20:21:53Z"",""dateSeen"":[""2016-03-12T00:00:00Z""],""isSale"":""true"",""merchant"":""Amazon.com"",""sourceURLs"":[""http://www.amazon.com/Kindle-Paperwhite-High-Resolution-Display-Built-/dp/B00QJDU3KY""]},{""amountMax"":119.99,""amountMin"":119.99,""condition"":""new"",""currency"":""EUR"",""dateAdded"":""2016-03-08T20:21:53Z"",""dateSeen"":[""2015-11-15T00:00:00Z""],""isSale"":""false"",""merchant"":""Amazon"",""shipping"":""free"",""sourceURLs"":[""http://www.amazon.co.uk/All-New-Kindle-Paperwhite-Resolution-Display/dp/B00QJDU3KY""]},{""amountMax"":17.99,""amountMin"":17.99,""condition"":""new"",""currency"":""EUR"",""dateAdded"":""2016-03-08T20:21:53Z"",""dateSeen"":[""2016-01-29T00:00:00Z""],""isSale"":""false"",""merchant"":""Amazon EU Sarl"",""shipping"":""free"",""sourceURLs"":[""http://www.amazon.co.uk/Kindle-Paperwhite-Resolution-Display-Built-/dp/B00QJDU3KY""]},{""amountMax"":17.99,""amountMin"":17.99,""condition"":""new"",""currency"":""EUR"",""dateAdded"":""2016-03-08T20:21:53Z"",""dateSeen"":[""2015-11-15T00:00:00Z""],""isSale"":""false"",""merchant"":""Amazon"",""shipping"":""free"",""sourceURLs"":[""http://www.amazon.co.uk/All-New-Kindle-Paperwhite-Resolution-Display/dp/B00QJDU3KY""]},{""amountMax"":139.00,""amountMin"":139.00,""condition"":""new"",""currency"":""CAD"",""dateAdded"":""2016-03-08T20:21:53Z"",""dateSeen"":[""2015-07-06T05:00:00Z""],""isSale"":""false"",""merchant"":""Amazon.ca"",""shipping"":""free"",""sourceURLs"":[""http://www.amazon.ca/dp/B00QJDU3KY""]}]",,,,5.0,http://www.amazon.ca/product-reviews/B00QJDU3KY,"Exactly what it is supposed to be. Works great and I love the built-in light. Perfect reader, and very quick delivery.",Works great and I love the built-in light,,,JanetC,,,205 grams
AVpe7AsMilAPnD_xQ78G,B00QJDU3KY,Amazon,"Amazon Devices,mazon.co.uk",,2016-03-08T20:21:53Z,2017-07-18T23:52:58Z,169 mm x 117 mm x 9.1 mm,,kindlepaperwhite/b00qjdu3ky,Amazon,,Kindle Paperwhite,"[{""amountMax"":139.99,""amountMin"":139.99,""currency"":""USD"",""dateAdded"":""2017-07-18T23:52:58Z"",""dateSeen"":[""2017-07-15T18:10:23.807Z"",""2016-03-16T00:00:00Z""],""isSale"":""false"",""merchant"":""Amazon.com"",""shipping"":""FREE Shipping."",""sourceURLs"":[""https://www.amazon.com/Kindle-Paperwhite-High-Resolution-Display-Built/dp/B00QJDU3KY/ref=lp_6669702011_1_7/132-1677641-8459202?s=amazon-devices&ie=UTF8&qid=1498832761&sr=1-7"",""http://www.amazon.com/Kindle-Paperwhite-High-Resolution-Display-Built-/dp/B00QJDU3KY""]},{""amountMax"":119.99,""amountMin"":119.99,""condition"":""new"",""currency"":""EUR"",""dateAdded"":""2016-03-08T20:21:53Z"",""dateSeen"":[""2016-01-29T00:00:00Z""],""isSale"":""false"",""merchant"":""Amazon EU Sarl"",""shipping"":""free"",""sourceURLs"":[""http://www.amazon.co.uk/Kindle-Paperwhite-Resolution-Display-Built-/dp/B00QJDU3KY""]},{""amountMax"":139.99,""amountMin"":139.99,""condition"":""new"",""currency"":""CAD"",""dateAdded"":""2016-03-08T20:21:53Z"",""dateSeen"":[""2016-01-11T00:00:00Z""],""isSale"":""false"",""merchant"":""Amazon"",""shipping"":""free"",""sourceURLs"":[""http://www.amazon.ca/dp/B00QJDU3KY""]},{""amountMax"":119.99,""amountMin"":119.99,""currency"":""USD"",""dateAdded"":""2016-03-08T20:21:53Z"",""dateSeen"":[""2016-03-12T00:00:00Z""],""isSale"":""true"",""merchant"":""Amazon.com"",""sourceURLs"":[""http://www.amazon.com/Kindle-Paperwhite-High-Resolution-Display-Built-/dp/B00QJDU3KY""]},{""amountMax"":119.99,""amountMin"":119.99,""condition"":""new"",""currency"":""EUR"",""dateAdded"":""2016-03-08T20:21:53Z"",""dateSeen"":[""2015-11-15T00:00:00Z""],""isSale"":""false"",""merchant"":""Amazon"",""shipping"":""free"",""sourceURLs"":[""http://www.amazon.co.uk/All-New-Kindle-Paperwhite-Resolution-Display/dp/B00QJDU3KY""]},{""amountMax"":17.99,""amountMin"":17.99,""condition"":""new"",""currency"":""EUR"",""dateAdded"":""2016-03-08T20:21:53Z"",""dateSeen"":[""2016-01-29T00:00:00Z""],""isSale"":""false"",""merchant"":""Amazon EU Sarl"",""shipping"":""free"",""sourceURLs"":[""http://www.amazon.co.uk/Kindle-Paperwhite-Resolution-Display-Built-/dp/B00QJDU3KY""]},{""amountMax"":17.99,""amountMin"":17.99,""condition"":""new"",""currency"":""EUR"",""dateAdded"":""2016-03-08T20:21:53Z"",""dateSeen"":[""2015-11-15T00:00:00Z""],""isSale"":""false"",""merchant"":""Amazon"",""shipping"":""free"",""sourceURLs"":[""http://www.amazon.co.uk/All-New-Kindle-Paperwhite-Resolution-Display/dp/B00QJDU3KY""]},{""amountMax"":139.00,""amountMin"":139.00,""condition"":""new"",""currency"":""CAD"",""dateAdded"":""2016-03-08T20:21:53Z"",""dateSeen"":[""2015-07-06T05:00:00Z""],""isSale"":""false"",""merchant"":""Amazon.ca"",""shipping"":""free"",""sourceURLs"":[""http://www.amazon.ca/dp/B00QJDU3KY""]}]",,,,4.0,http://www.amazon.ca/product-reviews/B00QJDU3KY,"Trs heureux que les livres soient sur Icloud. Aprs m'tre fait voler, c'est bien de pouvoir retrouver tous mes livres avec toutes les notes que j'avais prises.",Trs utile,,,Shepherd,,,205 grams
AVpe7AsMilAPnD_xQ78G,B00QJDU3KY,Amazon,"Amazon Devices,mazon.co.uk",,2016-03-08T20:21:53Z,2017-07-18T23:52:58Z,169 mm x 117 mm x 9.1 mm,,kindlepaperwhite/b00qjdu3ky,Amazon,,Kindle Paperwhite,"[{""amountMax"":139.99,""amountMin"":139.99,""currency"":""USD"",""dateAdded"":""2017-07-18T23:52:58Z"",""dateSeen"":[""2017-07-15T18:10:23.807Z"",""2016-03-16T00:00:00Z""],""isSale"":""false"",""merchant"":""Amazon.com"",""shipping"":""FREE Shipping."",""sourceURLs"":[""https://www.amazon.com/Kindle-Paperwhite-High-Resolution-Display-Built/dp/B00QJDU3KY/ref=lp_6669702011_1_7/132-1677641-8459202?s=amazon-devices&ie=UTF8&qid=1498832761&sr=1-7"",""http://www.amazon.com/Kindle-Paperwhite-High-Resolution-Display-Built-/dp/B00QJDU3KY""]},{""amountMax"":119.99,""amountMin"":119.99,""condition"":""new"",""currency"":""EUR"",""dateAdded"":""2016-03-08T20:21:53Z"",""dateSeen"":[""2016-01-29T00:00:00Z""],""isSale"":""false"",""merchant"":""Amazon EU Sarl"",""shipping"":""free"",""sourceURLs"":[""http://www.amazon.co.uk/Kindle-Paperwhite-Resolution-Display-Built-/dp/B00QJDU3KY""]},{""amountMax"":139.99,""amountMin"":139.99,""condition"":""new"",""currency"":""CAD"",""dateAdded"":""2016-03-08T20:21:53Z"",""dateSeen"":[""2016-01-11T00:00:00Z""],""isSale"":""false"",""merchant"":""Amazon"",""shipping"":""free"",""sourceURLs"":[""http://www.amazon.ca/dp/B00QJDU3KY""]},{""amountMax"":119.99,""amountMin"":119.99,""currency"":""USD"",""dateAdded"":""2016-03-08T20:21:53Z"",""dateSeen"":[""2016-03-12T00:00:00Z""],""isSale"":""true"",""merchant"":""Amazon.com"",""sourceURLs"":[""http://www.amazon.com/Kindle-Paperwhite-High-Resolution-Display-Built-/dp/B00QJDU3KY""]},{""amountMax"":119.99,""amountMin"":119.99,""condition"":""new"",""currency"":""EUR"",""dateAdded"":""2016-03-08T20:21:53Z"",""dateSeen"":[""2015-11-15T00:00:00Z""],""isSale"":""false"",""merchant"":""Amazon"",""shipping"":""free"",""sourceURLs"":[""http://www.amazon.co.uk/All-New-Kindle-Paperwhite-Resolution-Display/dp/B00QJDU3KY""]},{""amountMax"":17.99,""amountMin"":17.99,""condition"":""new"",""currency"":""EUR"",""dateAdded"":""2016-03-08T20:21:53Z"",""dateSeen"":[""2016-01-29T00:00:00Z""],""isSale"":""false"",""merchant"":""Amazon EU Sarl"",""shipping"":""free"",""sourceURLs"":[""http://www.amazon.co.uk/Kindle-Paperwhite-Resolution-Display-Built-/dp/B00QJDU3KY""]},{""amountMax"":17.99,""amountMin"":17.99,""condition"":""new"",""currency"":""EUR"",""dateAdded"":""2016-03-08T20:21:53Z"",""dateSeen"":[""2015-11-15T00:00:00Z""],""isSale"":""false"",""merchant"":""Amazon"",""shipping"":""free"",""sourceURLs"":[""http://www.amazon.co.uk/All-New-Kindle-Paperwhite-Resolution-Display/dp/B00QJDU3KY""]},{""amountMax"":139.00,""amountMin"":139.00,""condition"":""new"",""currency"":""CAD"",""dateAdded"":""2016-03-08T20:21:53Z"",""dateSeen"":[""2015-07-06T05:00:00Z""],""isSale"":""false"",""merchant"":""Amazon.ca"",""shipping"":""free"",""sourceURLs"":[""http://www.amazon.ca/dp/B00QJDU3KY""]}]",,,,4.0,http://www.amazon.ca/product-reviews/B00QJDU3KY,"Only 4 stars because I found it very confusing at first. I had a Kindle before found it very easy to find what I needed to do. The user guide didn't really answer my questions, but I persisted am getting used to it. I really love the backlit screen no buttons to push to change pages. At first I wasn't sure about the smaller screen, but didn't take long to get over that. I'm sure I'm just a creature of habit not very techy. All in all, the Kindle Paperwhite is great.",I had a Kindle before found it very easy to find what I needed to do,,,Brenda,,,205 grams
AVpe7AsMilAPnD_xQ78G,B00QJDU3KY,Amazon,"Amazon Devices,mazon.co.uk",,2016-03-08T20:21:53Z,2017-07-18T23:52:58Z,169 mm x 117 mm x 9.1 mm,,kindlepaperwhite/b00qjdu3ky,Amazon,,Kindle Paperwhite,"[{""amountMax"":139.99,""amountMin"":139.99,""currency"":""USD"",""dateAdded"":""2017-07-18T23:52:58Z"",""dateSeen"":[""2017-07-15T18:10:23.807Z"",""2016-03-16T00:00:00Z""],""isSale"":""false"",""merchant"":""Amazon.com"",""shipping"":""FREE Shipping."",""sourceURLs"":[""https://www.amazon.com/Kindle-Paperwhite-High-Resolution-Display-Built/dp/B00QJDU3KY/ref=lp_6669702011_1_7/132-1677641-8459202?s=amazon-devices&ie=UTF8&qid=1498832761&sr=1-7"",""http://www.amazon.com/Kindle-Paperwhite-High-Resolution-Display-Built-/dp/B00QJDU3KY""]},{""amountMax"":119.99,""amountMin"":119.99,""condition"":""new"",""currency"":""EUR"",""dateAdded"":""2016-03-08T20:21:53Z"",""dateSeen"":[""2016-01-29T00:00:00Z""],""isSale"":""false"",""merchant"":""Amazon EU Sarl"",""shipping"":""free"",""sourceURLs"":[""http://www.amazon.co.uk/Kindle-Paperwhite-Resolution-Display-Built-/dp/B00QJDU3KY""]},{""amountMax"":139.99,""amountMin"":139.99,""condition"":""new"",""currency"":""CAD"",""dateAdded"":""2016-03-08T20:21:53Z"",""dateSeen"":[""2016-01-11T00:00:00Z""],""isSale"":""false"",""merchant"":""Amazon"",""shipping"":""free"",""sourceURLs"":[""http://www.amazon.ca/dp/B00QJDU3KY""]},{""amountMax"":119.99,""amountMin"":119.99,""currency"":""USD"",""dateAdded"":""2016-03-08T20:21:53Z"",""dateSeen"":[""2016-03-12T00:00:00Z""],""isSale"":""true"",""merchant"":""Amazon.com"",""sourceURLs"":[""http://www.amazon.com/Kindle-Paperwhite-High-Resolution-Display-Built-/dp/B00QJDU3KY""]},{""amountMax"":119.99,""amountMin"":119.99,""condition"":""new"",""currency"":""EUR"",""dateAdded"":""2016-03-08T20:21:53Z"",""dateSeen"":[""2015-11-15T00:00:00Z""],""isSale"":""false"",""merchant"":""Amazon"",""shipping"":""free"",""sourceURLs"":[""http://www.amazon.co.uk/All-New-Kindle-Paperwhite-Resolution-Display/dp/B00QJDU3KY""]},{""amountMax"":17.99,""amountMin"":17.99,""condition"":""new"",""currency"":""EUR"",""dateAdded"":""2016-03-08T20:21:53Z"",""dateSeen"":[""2016-01-29T00:00:00Z""],""isSale"":""false"",""merchant"":""Amazon EU Sarl"",""shipping"":""free"",""sourceURLs"":[""http://www.amazon.co.uk/Kindle-Paperwhite-Resolution-Display-Built-/dp/B00QJDU3KY""]},{""amountMax"":17.99,""amountMin"":17.99,""condition"":""new"",""currency"":""EUR"",""dateAdded"":""2016-03-08T20:21:53Z"",""dateSeen"":[""2015-11-15T00:00:00Z""],""isSale"":""false"",""merchant"":""Amazon"",""shipping"":""free"",""sourceURLs"":[""http://www.amazon.co.uk/All-New-Kindle-Paperwhite-Resolution-Display/dp/B00QJDU3KY""]},{""amountMax"":139.00,""amountMin"":139.00,""condition"":""new"",""currency"":""CAD"",""dateAdded"":""2016-03-08T20:21:53Z"",""dateSeen"":[""2015-07-06T05:00:00Z""],""isSale"":""false"",""merchant"":""Amazon.ca"",""shipping"":""free"",""sourceURLs"":[""http://www.amazon.ca/dp/B00QJDU3KY""]}]",,,,5.0,http://www.amazon.ca/product-reviews/B00QJDU3KY,"Almost like reading a real book. Don't is crisp, sharp and easy to read. I've held out from buying a reader for years because I could never quite get past the fact it wasn't a book. With this new kindle I don't even notice, I am immediately immersed. Wildly better than I expected.",Seamless Reasing Experience,,,Fil Gambatesa,,,205 grams
AVpe7AsMilAPnD_xQ78G,B00QJDU3KY,Amazon,"Amazon Devices,mazon.co.uk",,2016-03-08T20:21:53Z,2017-07-18T23:52:58Z,169 mm x 117 mm x 9.1 mm,,kindlepaperwhite/b00qjdu3ky,Amazon,,Kindle Paperwhite,"[{""amountMax"":139.99,""amountMin"":139.99,""currency"":""USD"",""dateAdded"":""2017-07-18T23:52:58Z"",""dateSeen"":[""2017-07-15T18:10:23.807Z"",""2016-03-16T00:00:00Z""],""isSale"":""false"",""merchant"":""Amazon.com"",""shipping"":""FREE Shipping."",""sourceURLs"":[""https://www.amazon.com/Kindle-Paperwhite-High-Resolution-Display-Built/dp/B00QJDU3KY/ref=lp_6669702011_1_7/132-1677641-8459202?s=amazon-devices&ie=UTF8&qid=1498832761&sr=1-7"",""http://www.amazon.com/Kindle-Paperwhite-High-Resolution-Display-Built-/dp/B00QJDU3KY""]},{""amountMax"":119.99,""amountMin"":119.99,""condition"":""new"",""currency"":""EUR"",""dateAdded"":""2016-03-08T20:21:53Z"",""dateSeen"":[""2016-01-29T00:00:00Z""],""isSale"":""false"",""merchant"":""Amazon EU Sarl"",""shipping"":""free"",""sourceURLs"":[""http://www.amazon.co.uk/Kindle-Paperwhite-Resolution-Display-Built-/dp/B00QJDU3KY""]},{""amountMax"":139.99,""amountMin"":139.99,""condition"":""new"",""currency"":""CAD"",""dateAdded"":""2016-03-08T20:21:53Z"",""dateSeen"":[""2016-01-11T00:00:00Z""],""isSale"":""false"",""merchant"":""Amazon"",""shipping"":""free"",""sourceURLs"":[""http://www.amazon.ca/dp/B00QJDU3KY""]},{""amountMax"":119.99,""amountMin"":119.99,""currency"":""USD"",""dateAdded"":""2016-03-08T20:21:53Z"",""dateSeen"":[""2016-03-12T00:00:00Z""],""isSale"":""true"",""merchant"":""Amazon.com"",""sourceURLs"":[""http://www.amazon.com/Kindle-Paperwhite-High-Resolution-Display-Built-/dp/B00QJDU3KY""]},{""amountMax"":119.99,""amountMin"":119.99,""condition"":""new"",""currency"":""EUR"",""dateAdded"":""2016-03-08T20:21:53Z"",""dateSeen"":[""2015-11-15T00:00:00Z""],""isSale"":""false"",""merchant"":""Amazon"",""shipping"":""free"",""sourceURLs"":[""http://www.amazon.co.uk/All-New-Kindle-Paperwhite-Resolution-Display/dp/B00QJDU3KY""]},{""amountMax"":17.99,""amountMin"":17.99,""condition"":""new"",""currency"":""EUR"",""dateAdded"":""2016-03-08T20:21:53Z"",""dateSeen"":[""2016-01-29T00:00:00Z""],""isSale"":""false"",""merchant"":""Amazon EU Sarl"",""shipping"":""free"",""sourceURLs"":[""http://www.amazon.co.uk/Kindle-Paperwhite-Resolution-Display-Built-/dp/B00QJDU3KY""]},{""amountMax"":17.99,""amountMin"":17.99,""condition"":""new"",""currency"":""EUR"",""dateAdded"":""2016-03-08T20:21:53Z"",""dateSeen"":[""2015-11-15T00:00:00Z""],""isSale"":""false"",""merchant"":""Amazon"",""shipping"":""free"",""sourceURLs"":[""http://www.amazon.co.uk/All-New-Kindle-Paperwhite-Resolution-Display/dp/B00QJDU3KY""]},{""amountMax"":139.00,""amountMin"":139.00,""condition"":""new"",""currency"":""CAD"",""dateAdded"":""2016-03-08T20:21:53Z"",""dateSeen"":[""2015-07-06T05:00:00Z""],""isSale"":""false"",""merchant"":""Amazon.ca"",""shipping"":""free"",""sourceURLs"":[""http://www.amazon.ca/dp/B00QJDU3KY""]}]",,,,5.0,http://www.amazon.ca/product-reviews/B00QJDU3KY,"I already had an original Kindle Paperwhite and loved it. Buying this in addition seemed like a bit of an indulgence but I am so pleased I made this move. I love the new font and the clarity of the screen. I love that the Kindle comes to life when I open the cover (I bought a new cover with the magnetic clasp). While there is nothing dramatic about the evolving of the Kindle there are enough changes and improvements for me to feel I have made a great purchase which I am happy with. I also have a bunch of books from my Amazon.co.uk site which I access on my 'old' Kindle (I couldn't work out how, if at all, I can move books from one Amazon jurisdiction to another) so this has proved a good purchase all round.",A great addition to the Kindle range,,,Roy Bennett,,,205 grams
AVpe7AsMilAPnD_xQ78G,B00QJDU3KY,Amazon,"Amazon Devices,mazon.co.uk",,2016-03-08T20:21:53Z,2017-07-18T23:52:58Z,169 mm x 117 mm x 9.1 mm,,kindlepaperwhite/b00qjdu3ky,Amazon,,Kindle Paperwhite,"[{""amountMax"":139.99,""amountMin"":139.99,""currency"":""USD"",""dateAdded"":""2017-07-18T23:52:58Z"",""dateSeen"":[""2017-07-15T18:10:23.807Z"",""2016-03-16T00:00:00Z""],""isSale"":""false"",""merchant"":""Amazon.com"",""shipping"":""FREE Shipping."",""sourceURLs"":[""https://www.amazon.com/Kindle-Paperwhite-High-Resolution-Display-Built/dp/B00QJDU3KY/ref=lp_6669702011_1_7/132-1677641-8459202?s=amazon-devices&ie=UTF8&qid=1498832761&sr=1-7"",""http://www.amazon.com/Kindle-Paperwhite-High-Resolution-Display-Built-/dp/B00QJDU3KY""]},{""amountMax"":119.99,""amountMin"":119.99,""condition"":""new"",""currency"":""EUR"",""dateAdded"":""2016-03-08T20:21:53Z"",""dateSeen"":[""2016-01-29T00:00:00Z""],""isSale"":""false"",""merchant"":""Amazon EU Sarl"",""shipping"":""free"",""sourceURLs"":[""http://www.amazon.co.uk/Kindle-Paperwhite-Resolution-Display-Built-/dp/B00QJDU3KY""]},{""amountMax"":139.99,""amountMin"":139.99,""condition"":""new"",""currency"":""CAD"",""dateAdded"":""2016-03-08T20:21:53Z"",""dateSeen"":[""2016-01-11T00:00:00Z""],""isSale"":""false"",""merchant"":""Amazon"",""shipping"":""free"",""sourceURLs"":[""http://www.amazon.ca/dp/B00QJDU3KY""]},{""amountMax"":119.99,""amountMin"":119.99,""currency"":""USD"",""dateAdded"":""2016-03-08T20:21:53Z"",""dateSeen"":[""2016-03-12T00:00:00Z""],""isSale"":""true"",""merchant"":""Amazon.com"",""sourceURLs"":[""http://www.amazon.com/Kindle-Paperwhite-High-Resolution-Display-Built-/dp/B00QJDU3KY""]},{""amountMax"":119.99,""amountMin"":119.99,""condition"":""new"",""currency"":""EUR"",""dateAdded"":""2016-03-08T20:21:53Z"",""dateSeen"":[""2015-11-15T00:00:00Z""],""isSale"":""false"",""merchant"":""Amazon"",""shipping"":""free"",""sourceURLs"":[""http://www.amazon.co.uk/All-New-Kindle-Paperwhite-Resolution-Display/dp/B00QJDU3KY""]},{""amountMax"":17.99,""amountMin"":17.99,""condition"":""new"",""currency"":""EUR"",""dateAdded"":""2016-03-08T20:21:53Z"",""dateSeen"":[""2016-01-29T00:00:00Z""],""isSale"":""false"",""merchant"":""Amazon EU Sarl"",""shipping"":""free"",""sourceURLs"":[""http://www.amazon.co.uk/Kindle-Paperwhite-Resolution-Display-Built-/dp/B00QJDU3KY""]},{""amountMax"":17.99,""amountMin"":17.99,""condition"":""new"",""currency"":""EUR"",""dateAdded"":""2016-03-08T20:21:53Z"",""dateSeen"":[""2015-11-15T00:00:00Z""],""isSale"":""false"",""merchant"":""Amazon"",""shipping"":""free"",""sourceURLs"":[""http://www.amazon.co.uk/All-New-Kindle-Paperwhite-Resolution-Display/dp/B00QJDU3KY""]},{""amountMax"":139.00,""amountMin"":139.00,""condition"":""new"",""currency"":""CAD"",""dateAdded"":""2016-03-08T20:21:53Z"",""dateSeen"":[""2015-07-06T05:00:00Z""],""isSale"":""false"",""merchant"":""Amazon.ca"",""shipping"":""free"",""sourceURLs"":[""http://www.amazon.ca/dp/B00QJDU3KY""]}]",,,,5.0,http://www.amazon.ca/product-reviews/B00QJDU3KY,Received my new kindle in perfect condition and I am very happy it is faster and a clearer it has a. bigger had drive at a good price and a fast delivery that you can count on you can not go wrongThank you,great kindle,,,satisfied customer,,,205 grams
AVpfBEWcilAPnD_xTGb7,B002Y27P3M,Amazon,"Kindle Store,Amazon Devices,Electronics",,2015-01-17T12:14:51Z,2015-11-01T00:05:54Z,,,"kindlekeyboard/b002y27p3m,amazon/d01101",Amazon,D01101,Kindle Keyboard,"[{""amountMax"":79.99,""amountMin"":79.99,""currency"":""USD"",""dateAdded"":""2016-11-20T18:08:17Z"",""dateSeen"":[""2016-07-20T00:00:00Z""],""isSale"":""false"",""sourceURLs"":[""https://www.amazon.com/gp/product/B002Y27P3M/ref=con_dp_avail_kink_w""]}]",,,,,http://www.amazon.com/Kindle-Wireless-Reader-Wifi-Graphite/dp/B002Y27P3M,"The Kindle is my first e-ink reader. I own an iPad, an iPhone, and have owned a Windows-based phone in the past that I used as an ereader.My overall impression of the device is good.The good:I'd honestly rather read linear (read from page one to the end, one page at a time) fiction from it than a book, because I can't always get comfortable with a book. Hardcovers are sometimes a bit heavy, and paperbacks don't always lie open easily. The Kindle is incredibly light and thin. I can hold it in one hand easily. The page turn buttons are conveniently located. Page-turns aren't instant, but they're probably quicker than turning a physical page in a printed book (there are just a lot more page-turns unless you choose a small font). The contrast is better than other ereaders I've seen. There is zero eye strain in good light. My eyesight isn't the greatest and I like being able to increase the font size and read without glasses. I love being able to browse the Kindle store and read samples before deciding to purchase. The experimental browser is surprisingly usable, but isn't great. It is useful for browsing wikipedia and blogs. The biggest drawback to the browser is the awkward pointer navigation, using the 5-way pad. It syncs your furthest read page over the internet so you can pick up where you left off using your iPhone or iPad.The so-so:The kindle store could use more categories and sorting options. You can't sort by top rated, and there is no category for alternate histories, for example. Finding a very-specific type of fiction relies on keyword searches, which don't do a great job. The wifi sometimes doesn't connect before it times-out.Read more","Worth the money. Not perfect, but very very good for start to finish novels in good light",,,Jeffrey Stanley,,,1.1 pounds
AVpfBEWcilAPnD_xTGb7,B002Y27P3M,Amazon,"Kindle Store,Amazon Devices,Electronics",,2015-01-17T12:14:51Z,2015-11-01T00:05:54Z,,,"kindlekeyboard/b002y27p3m,amazon/d01101",Amazon,D01101,Kindle Keyboard,"[{""amountMax"":79.99,""amountMin"":79.99,""currency"":""USD"",""dateAdded"":""2016-11-20T18:08:17Z"",""dateSeen"":[""2016-07-20T00:00:00Z""],""isSale"":""false"",""sourceURLs"":[""https://www.amazon.com/gp/product/B002Y27P3M/ref=con_dp_avail_kink_w""]}]",,,,,http://www.amazon.com/Kindle-Wireless-Reader-Wifi-Graphite/dp/B002Y27P3M,"I'm a first-time Kindle owner, so I have nothing to compare the latest Kindle to. I don't own a Nook. I don't own an iPad (and, in any case, that's comparing apples to oranges). I don't have a Sony e-reader. 'This will be a short, simple review.I received my Kindle about a week ago and haven't been able to put it down.Things I like about my Kindle1. The e-ink display is amazing.2. Using the 5-way controller is simple and effective.3. Page turn speeds are faster than I thought they would be.4. It's lightweight, even with the attached cover (I have an Amazon cover with a built-in light)5. Page-turning buttons are quiet and well-placed.6. Recharge time is fast.7. I can order a book and start reading it in less than 60 seconds. Nice!8. Portability... I can take 3,000 books with me when I travel for work and not require additional suitcases or baggage fees.Things I'm not too keen on1. Buttons are too close together and are laid out oddly.2. Lack of individual number buttons is frustrating.3. Power button on the bottom Not a bad thing. Just an odd thing. (Same for the headphone input). I usually rest the bottom of a book on my lap when I read.Things I hope change in the future1. How books are organized... When I put a book in a collection (which is actually a tag), it still appears in the main list. It's not actually moved, it's merely associated.2. The look of the main screen. I'd like folders or some other way to display collections.3. Ability to create personal screen savers.4. E-book pricing, though Amazon has little control over this.Read more","I Wanted a Dedicated E-Reader, and That's What I Got",,,Matthew Coenen,,,1.1 pounds
AVpfBEWcilAPnD_xTGb7,B002Y27P3M,Amazon,"Kindle Store,Amazon Devices,Electronics",,2015-01-17T12:14:51Z,2015-11-01T00:05:54Z,,,"kindlekeyboard/b002y27p3m,amazon/d01101",Amazon,D01101,Kindle Keyboard,"[{""amountMax"":79.99,""amountMin"":79.99,""currency"":""USD"",""dateAdded"":""2016-11-20T18:08:17Z"",""dateSeen"":[""2016-07-20T00:00:00Z""],""isSale"":""false"",""sourceURLs"":[""https://www.amazon.com/gp/product/B002Y27P3M/ref=con_dp_avail_kink_w""]}]",,,,,http://www.amazon.com/Kindle-Wireless-Reader-Wifi-Graphite/dp/B002Y27P3M,"UPDATE NOVEMBER 2011:My review is now over a year old, as is the Kindle Keyboard as Amazon calls it now. There are newer models: the basic, cheapie Kindle and the Kindle Touch, and of course the Kindle Fire quasi-tablet.Each of these models is an excellent choice. Whichever one is right for you just depends on your preferences.The 3 e-ink Kindles are Kindle Keyboard (this one), Kindle Touch (the newest flagship model), and the basic Kindle. All 3 of them have EXACTLY THE SAME 6 DISPLAY, with the same sharp typeface and high contrast that reads like ink on paper with no eyestrain. The Kindle Keyboard is the oldest of these models, and I got one of the first ones when they came out in August 2010.I still absolutely LOVE my Kindle Keyboard and use it almost every day. I have read dozens of books on it. I like the newer models, they have some neat features, but the experience of reading a book on them is no better or worse than on my 1-year-old Kindle Keyboard. Page turns are now smoother and faster on the newest Kindles, but the difference is not enough to make it worth the cost of upgrading, in my opinion.The touch-screen interface of the Kindle Touch is pretty neat. But, unlike my iPad, I only use my Kindle to read books, and reading books is just as nice on any of the current Kindle models. I don't consider the touch screen a must have feature, and I'm normally obsessed with having the latest version of every tech product I own.For that reason, I think the cheapest Kindle is an excellent choice.Read more",Kindle vs. Nook (updated),,,Ron Cronovich,,,1.1 pounds
AVpfBEWcilAPnD_xTGb7,B002Y27P3M,Amazon,"Kindle Store,Amazon Devices,Electronics",,2015-01-17T12:14:51Z,2015-11-01T00:05:54Z,,,"kindlekeyboard/b002y27p3m,amazon/d01101",Amazon,D01101,Kindle Keyboard,"[{""amountMax"":79.99,""amountMin"":79.99,""currency"":""USD"",""dateAdded"":""2016-11-20T18:08:17Z"",""dateSeen"":[""2016-07-20T00:00:00Z""],""isSale"":""false"",""sourceURLs"":[""https://www.amazon.com/gp/product/B002Y27P3M/ref=con_dp_avail_kink_w""]}]",,,,,http://www.amazon.com/Kindle-Wireless-Reader-Wifi-Graphite/dp/B002Y27P3M,"I'm a first-time Kindle owner, so I have nothing to compare the latest Kindle to. I don't own a Nook. I don't own an iPad (and, in any case, that's comparing apples to oranges). I don't have a Sony e-reader. 'This will be a short, simple review.I received my Kindle about a week ago and haven't been able to put it down.Things I like about my Kindle1. The e-ink display is amazing.2. Using the 5-way controller is simple and effective.3. Page turn speeds are faster than I thought they would be.4. It's lightweight, even with the attached cover (I have an Amazon cover with a built-in light)5. Page-turning buttons are quiet and well-placed.6. Recharge time is fast.7. I can order a book and start reading it in less than 60 seconds. Nice!8. Portability... I can take 3,000 books with me when I travel for work and not require additional suitcases or baggage fees.Things I'm not too keen on1. Buttons are too close together and are laid out oddly.2. Lack of individual number buttons is frustrating.3. Power button on the bottom Not a bad thing. Just an odd thing. (Same for the headphone input). I usually rest the bottom of a book on my lap when I read.Things I hope change in the future1. How books are organized... When I put a book in a collection (which is actually a tag), it still appears in the main list. It's not actually moved, it's merely associated.2. The look of the main screen. I'd like folders or some other way to display collections.3. Ability to create personal screen savers.4. E-book pricing, though Amazon has little control over this. Still, most titles are the same price as or less than their hardback/paperback counterparts.Read more","I Wanted a Dedicated E-Reader, and That's What I Got",,,Matthew Coenen,,,1.1 pounds
AVpfBEWcilAPnD_xTGb7,B002Y27P3M,Amazon,"Kindle Store,Amazon Devices,Electronics",,2015-01-17T12:14:51Z,2015-11-01T00:05:54Z,,,"kindlekeyboard/b002y27p3m,amazon/d01101",Amazon,D01101,Kindle Keyboard,"[{""amountMax"":79.99,""amountMin"":79.99,""currency"":""USD"",""dateAdded"":""2016-11-20T18:08:17Z"",""dateSeen"":[""2016-07-20T00:00:00Z""],""isSale"":""false"",""sourceURLs"":[""https://www.amazon.com/gp/product/B002Y27P3M/ref=con_dp_avail_kink_w""]}]",,,,,http://www.amazon.com/Kindle-Wireless-Reader-Wifi-Graphite/dp/B002Y27P3M,"I woke up to a nice surprise this morning: a new kindle as a gift. I have an iPad and a Kindle DX, but I guess someone heard my complaints of them being too heavy and difficult to do extended-reading on. Don't get me wrong, I absolutely love my iPad and DX, but this new generation of Kindle is perfect for reading outside and for long periods of time. The iPad gets completely washed out in sunlight and often irritates my eyes staring at it for more than a couple of hours. The DX was my go-to device for those extended/outdoor reading periods, but now I have a new friend for reading novels. Instead of a replacement, this one seems more like a companion to the other devices and is a different class. The iPad works great for web browsing, shopping, productivity, games, etc while the Kindle falls short in those areas. The Kindle works great for reading novels, where the iPad falls short. For those that love to do extended-reading of magazines, newspapers, research articles, etc, I find that the DX is the go-to device.Without a doubt, the size and weight of the new kindle is the biggest draw for me. It's smaller than the last edition by a significant margin. I've played around with the Kindle 2 and was impressed, but now looking at the size of the new Kindle, I'm blown away. It's the absolute perfect size. Smaller would be unmanageable and larger wouldn't feel nearly as good. This is a device that you can hold up, read, and just forget that it's there. Compared to other e-readers I've tried, it's much smaller and much lighter.One of my biggest complaints about the previous generation Kindles and the DX is the speed. It sometimes takes a while after you push next page' for it to actually change.Read more","Not the perfect do-it-all device, but very close to being the perfect e-reading device!",,,C. Tipton,,,1.1 pounds
AVpfBEWcilAPnD_xTGb7,B002Y27P3M,Amazon,"Kindle Store,Amazon Devices,Electronics",,2015-01-17T12:14:51Z,2015-11-01T00:05:54Z,,,"kindlekeyboard/b002y27p3m,amazon/d01101",Amazon,D01101,Kindle Keyboard,"[{""amountMax"":79.99,""amountMin"":79.99,""currency"":""USD"",""dateAdded"":""2016-11-20T18:08:17Z"",""dateSeen"":[""2016-07-20T00:00:00Z""],""isSale"":""false"",""sourceURLs"":[""https://www.amazon.com/gp/product/B002Y27P3M/ref=con_dp_avail_kink_w""]}]",,,,,http://www.amazon.com/Kindle-Wireless-Reader-Wifi-Graphite/dp/B002Y27P3M,"I'm a first-time Kindle owner, so I have nothing to compare the latest Kindle to. I don't own a Nook. I don't own an iPad (and, in any case, that's comparing apples to oranges). I don't have a Sony e-reader. 'This will be a short, simple review.I received my Kindle about a week ago and haven't been able to put it down.Things I like about my Kindle1. The e-ink display is amazing.2. Using the 5-way controller is simple and effective.3. Page turn speeds are faster than I thought they would be.4. It's lightweight, even with the attached cover (I have an Amazon cover with a built-in light)5. Page-turning buttons are quiet and well-placed.6. Recharge time is fast.7. I can order a book and start reading it in less than 60 seconds. Nice!8. Portability... I can take 3,000 books with me when I travel for work and not require additional suitcases or baggage fees.Things I'm not too keen on1. Buttons are too close together and are laid out oddly.2. Lack of individual number buttons is frustrating.3. Power button on the bottom Not a bad thing. Just an odd thing. (Same for the headphone input). I usually rest the bottom of a book on my lap when I read.Things I hope change in the future1. How books are organized... When I put a book in a collection (which is actually a tag), it still appears in the main list. It's not actually moved, it's merely associated.2. The look of the main screen. I'd like folders or some other way to display collections.3. Ability to create personal screen savers.4. E-book pricing, though Amazon has little control over this. Still, most titles are the same price as or less than their hardback/paperback counterparts.Read more","I Wanted a Dedicated E-Reader, and That's What I Got 3,102 of 3,177 people found this helpful. Was this review helpful to you Yes No",,,Matthew Coenen,,,1.1 pounds
AVpfBEWcilAPnD_xTGb7,B002Y27P3M,Amazon,"Kindle Store,Amazon Devices,Electronics",,2015-01-17T12:14:51Z,2015-11-01T00:05:54Z,,,"kindlekeyboard/b002y27p3m,amazon/d01101",Amazon,D01101,Kindle Keyboard,"[{""amountMax"":79.99,""amountMin"":79.99,""currency"":""USD"",""dateAdded"":""2016-11-20T18:08:17Z"",""dateSeen"":[""2016-07-20T00:00:00Z""],""isSale"":""false"",""sourceURLs"":[""https://www.amazon.com/gp/product/B002Y27P3M/ref=con_dp_avail_kink_w""]}]",,,,,http://www.amazon.com/Kindle-Wireless-Reader-Wifi-Graphite/dp/B002Y27P3M,"UPDATE NOVEMBER 2011:My review is now over a year old, as is the Kindle Keyboard as Amazon calls it now. There are newer models: the basic, cheapie Kindle and the Kindle Touch, and of course the Kindle Fire quasi-tablet.Each of these models is an excellent choice. Whichever one is right for you just depends on your preferences.The 3 e-ink Kindles are Kindle Keyboard (this one), Kindle Touch (the newest flagship model), and the basic Kindle. All 3 of them have EXACTLY THE SAME 6 DISPLAY, with the same sharp typeface and high contrast that reads like ink on paper with no eyestrain. The Kindle Keyboard is the oldest of these models, and I got one of the first ones when they came out in August 2010.I still absolutely LOVE my Kindle Keyboard and use it almost every day. I have read dozens of books on it. I like the newer models, they have some neat features, but the experience of reading a book on them is no better or worse than on my 1-year-old Kindle Keyboard. Page turns are now smoother and faster on the newest Kindles, but the difference is not enough to make it worth the cost of upgrading, in my opinion.The touch-screen interface of the Kindle Touch is pretty neat. But, unlike my iPad, I only use my Kindle to read books, and reading books is just as nice on any of the current Kindle models. I don't consider the touch screen a must have feature, and I'm normally obsessed with having the latest version of every tech product I own.For that reason, I think the cheapest Kindle is an excellent choice.Read more","Kindle vs. Nook (updated) 31,840 of 32,278 people found this helpful. Was this review helpful to you Yes No",,,Ron Cronovich,,,1.1 pounds
AVpfBEWcilAPnD_xTGb7,B002Y27P3M,Amazon,"Kindle Store,Amazon Devices,Electronics",,2015-01-17T12:14:51Z,2015-11-01T00:05:54Z,,,"kindlekeyboard/b002y27p3m,amazon/d01101",Amazon,D01101,Kindle Keyboard,"[{""amountMax"":79.99,""amountMin"":79.99,""currency"":""USD"",""dateAdded"":""2016-11-20T18:08:17Z"",""dateSeen"":[""2016-07-20T00:00:00Z""],""isSale"":""false"",""sourceURLs"":[""https://www.amazon.com/gp/product/B002Y27P3M/ref=con_dp_avail_kink_w""]}]",,,,,http://www.amazon.com/Kindle-Wireless-Reader-Wifi-Graphite/dp/B002Y27P3M,"UPDATE NOVEMBER 2011:My review is now over a year old, as is the Kindle Keyboard as Amazon calls it now. There are newer models: the basic, cheapie Kindle and the Kindle Touch, and of course the Kindle Fire quasi-tablet.Each of these models is an excellent choice. Whichever one is right for you just depends on your preferences.The 3 e-ink Kindles are Kindle Keyboard (this one), Kindle Touch (the newest flagship model), and the basic Kindle. All 3 of them have EXACTLY THE SAME 6 DISPLAY, with the same sharp typeface and high contrast that reads like ink on paper with no eyestrain. The Kindle Keyboard is the oldest of these models, and I got one of the first ones when they came out in August 2010.I still absolutely LOVE my Kindle Keyboard and use it almost every day. I have read dozens of books on it. I like the newer models, they have some neat features, but the experience of reading a book on them is no better or worse than on my 1-year-old Kindle Keyboard. Page turns are now smoother and faster on the newest Kindles, but the difference is not enough to make it worth the cost of upgrading, in my opinion.The touch-screen interface of the Kindle Touch is pretty neat. But, unlike my iPad, I only use my Kindle to read books, and reading books is just as nice on any of the current Kindle models. I don't consider the touch screen a must have feature, and I'm normally obsessed with having the latest version of every tech product I own.For that reason, I think the cheapest Kindle is an excellent choice.Read more","Kindle vs. Nook (updated) 31,837 of 32,275 people found this helpful. Was this review helpful to you Yes No",,,Ron Cronovich,,,1.1 pounds
AVpfBEWcilAPnD_xTGb7,B002Y27P3M,Amazon,"Kindle Store,Amazon Devices,Electronics",,2015-01-17T12:14:51Z,2015-11-01T00:05:54Z,,,"kindlekeyboard/b002y27p3m,amazon/d01101",Amazon,D01101,Kindle Keyboard,"[{""amountMax"":79.99,""amountMin"":79.99,""currency"":""USD"",""dateAdded"":""2016-11-20T18:08:17Z"",""dateSeen"":[""2016-07-20T00:00:00Z""],""isSale"":""false"",""sourceURLs"":[""https://www.amazon.com/gp/product/B002Y27P3M/ref=con_dp_avail_kink_w""]}]",,,,,http://www.amazon.com/Kindle-Wireless-Reader-Wifi-Graphite/dp/B002Y27P3M,"UPDATE NOVEMBER 2011:My review is now over a year old, as is the Kindle Keyboard as Amazon calls it now. There are newer models: the basic, cheapie Kindle and the Kindle Touch, and of course the Kindle Fire quasi-tablet.Each of these models is an excellent choice. Whichever one is right for you just depends on your preferences.The 3 e-ink Kindles are Kindle Keyboard (this one), Kindle Touch (the newest flagship model), and the basic Kindle. All 3 of them have EXACTLY THE SAME 6 DISPLAY, with the same sharp typeface and high contrast that reads like ink on paper with no eyestrain. The Kindle Keyboard is the oldest of these models, and I got one of the first ones when they came out in August 2010.I still absolutely LOVE my Kindle Keyboard and use it almost every day. I have read dozens of books on it. I like the newer models, they have some neat features, but the experience of reading a book on them is no better or worse than on my 1-year-old Kindle Keyboard. Page turns are now smoother and faster on the newest Kindles, but the difference is not enough to make it worth the cost of upgrading, in my opinion.The touch-screen interface of the Kindle Touch is pretty neat. But, unlike my iPad, I only use my Kindle to read books, and reading books is just as nice on any of the current Kindle models. I don't consider the touch screen a must have feature, and I'm normally obsessed with having the latest version of every tech product I own.For that reason, I think the cheapest Kindle is an excellent choice.Read more","Kindle vs. Nook (updated) 31,839 of 32,277 people found this helpful. Was this review helpful to you Yes No",,,Ron Cronovich,,,1.1 pounds
AVpfBEWcilAPnD_xTGb7,B002Y27P3M,Amazon,"Kindle Store,Amazon Devices,Electronics",,2015-01-17T12:14:51Z,2015-11-01T00:05:54Z,,,"kindlekeyboard/b002y27p3m,amazon/d01101",Amazon,D01101,Kindle Keyboard,"[{""amountMax"":79.99,""amountMin"":79.99,""currency"":""USD"",""dateAdded"":""2016-11-20T18:08:17Z"",""dateSeen"":[""2016-07-20T00:00:00Z""],""isSale"":""false"",""sourceURLs"":[""https://www.amazon.com/gp/product/B002Y27P3M/ref=con_dp_avail_kink_w""]}]",,,,,http://www.amazon.com/Kindle-Wireless-Reader-Wifi-Graphite/dp/B002Y27P3M,"I'm a first-time Kindle owner, so I have nothing to compare the latest Kindle to. I don't own a Nook. I don't own an iPad (and, in any case, that's comparing apples to oranges). I don't have a Sony e-reader. 'This will be a short, simple review.I received my Kindle about a week ago and haven't been able to put it down.Things I like about my Kindle1. The e-ink display is amazing.2. Using the 5-way controller is simple and effective.3. Page turn speeds are faster than I thought they would be.4. It's lightweight, even with the attached cover (I have an Amazon cover with a built-in light)5. Page-turning buttons are quiet and well-placed.6. Recharge time is fast.7. I can order a book and start reading it in less than 60 seconds. Nice!8. Portability... I can take 3,000 books with me when I travel for work and not require additional suitcases or baggage fees.Things I'm not too keen on1. Buttons are too close together and are laid out oddly.2. Lack of individual number buttons is frustrating.3. Power button on the bottom Not a bad thing. Just an odd thing. (Same for the headphone input). I usually rest the bottom of a book on my lap when I read.Things I hope change in the future1. How books are organized... When I put a book in a collection (which is actually a tag), it still appears in the main list. It's not actually moved, it's merely associated.2. The look of the main screen. I'd like folders or some other way to display collections.3. Ability to create personal screen savers.4. E-book pricing, though Amazon has little control over this. Still, most titles are the same price as or less than their hardback/paperback counterparts.Read more","I Wanted a Dedicated E-Reader, and That's What I Got 3,103 of 3,178 people found this helpful. Was this review helpful to you Yes No",,,Matthew Coenen,,,1.1 pounds
AVpfBEWcilAPnD_xTGb7,B002Y27P3M,Amazon,"Kindle Store,Amazon Devices,Electronics",,2015-01-17T12:14:51Z,2015-11-01T00:05:54Z,,,"kindlekeyboard/b002y27p3m,amazon/d01101",Amazon,D01101,Kindle Keyboard,"[{""amountMax"":79.99,""amountMin"":79.99,""currency"":""USD"",""dateAdded"":""2016-11-20T18:08:17Z"",""dateSeen"":[""2016-07-20T00:00:00Z""],""isSale"":""false"",""sourceURLs"":[""https://www.amazon.com/gp/product/B002Y27P3M/ref=con_dp_avail_kink_w""]}]",,,,,http://www.amazon.com/Kindle-Wireless-Reader-Wifi-Graphite/dp/B002Y27P3M,"The Kindle is my first e-ink reader. I own an iPad, an iPhone, and have owned a Windows-based phone in the past that I used as an ereader.My overall impression of the device is good.The good:I'd honestly rather read linear (read from page one to the end, one page at a time) fiction from it than a book, because I can't always get comfortable with a book. Hardcovers are sometimes a bit heavy, and paperbacks don't always lie open easily. The Kindle is incredibly light and thin. I can hold it in one hand easily. The page turn buttons are conveniently located. Page-turns aren't instant, but they're probably quicker than turning a physical page in a printed book (there are just a lot more page-turns unless you choose a small font). The contrast is better than other ereaders I've seen. There is zero eye strain in good light. My eyesight isn't the greatest and I like being able to increase the font size and read without glasses. I love being able to browse the Kindle store and read samples before deciding to purchase. The experimental browser is surprisingly usable, but isn't great. It is useful for browsing wikipedia and blogs. The biggest drawback to the browser is the awkward pointer navigation, using the 5-way pad. It syncs your furthest read page over the internet so you can pick up where you left off using your iPhone or iPad.The so-so:The kindle store could use more categories and sorting options. You can't sort by top rated, and there is no category for alternate histories, for example. Finding a very-specific type of fiction relies on keyword searches, which don't do a great job. The wifi sometimes doesn't connect before it times-out.Read more","Worth the money. Not perfect, but very very good for start to finish novels in good light 11,952 of 12,233 people found this helpful. Was this review helpful to you Yes No",,,Jeffrey Stanley,,,1.1 pounds
AVpfBEWcilAPnD_xTGb7,B002Y27P3M,Amazon,"Kindle Store,Amazon Devices,Electronics",,2015-01-17T12:14:51Z,2015-11-01T00:05:54Z,,,"kindlekeyboard/b002y27p3m,amazon/d01101",Amazon,D01101,Kindle Keyboard,"[{""amountMax"":79.99,""amountMin"":79.99,""currency"":""USD"",""dateAdded"":""2016-11-20T18:08:17Z"",""dateSeen"":[""2016-07-20T00:00:00Z""],""isSale"":""false"",""sourceURLs"":[""https://www.amazon.com/gp/product/B002Y27P3M/ref=con_dp_avail_kink_w""]}]",,,,,http://www.amazon.com/Kindle-Wireless-Reader-Wifi-Graphite/dp/B002Y27P3M,"I'm a first-time Kindle owner, so I have nothing to compare the latest Kindle to. I don't own a Nook. I don't own an iPad (and, in any case, that's comparing apples to oranges). I don't have a Sony e-reader. 'This will be a short, simple review.I received my Kindle about a week ago and haven't been able to put it down.Things I like about my Kindle1. The e-ink display is amazing.2. Using the 5-way controller is simple and effective.3. Page turn speeds are faster than I thought they would be.4. It's lightweight, even with the attached cover (I have an Amazon cover with a built-in light)5. Page-turning buttons are quiet and well-placed.6. Recharge time is fast.7. I can order a book and start reading it in less than 60 seconds. Nice!8. Portability... I can take 3,000 books with me when I travel for work and not require additional suitcases or baggage fees.Things I'm not too keen on1. Buttons are too close together and are laid out oddly.2. Lack of individual number buttons is frustrating.3. Power button on the bottom Not a bad thing. Just an odd thing. (Same for the headphone input). I usually rest the bottom of a book on my lap when I read.Things I hope change in the future1. How books are organized... When I put a book in a collection (which is actually a tag), it still appears in the main list. It's not actually moved, it's merely associated.2. The look of the main screen. I'd like folders or some other way to display collections.3. Ability to create personal screen savers.4. E-book pricing, though Amazon has little control over this. Still, most titles are the same price as or less than their hardback/paperback counterparts.Read more","I Wanted a Dedicated E-Reader, and That's What I Got 3,105 of 3,180 people found this helpful. Was this review helpful to you Yes No",,,Matthew Coenen,,,1.1 pounds
AVpfBEWcilAPnD_xTGb7,B002Y27P3M,Amazon,"Kindle Store,Amazon Devices,Electronics",,2015-01-17T12:14:51Z,2015-11-01T00:05:54Z,,,"kindlekeyboard/b002y27p3m,amazon/d01101",Amazon,D01101,Kindle Keyboard,"[{""amountMax"":79.99,""amountMin"":79.99,""currency"":""USD"",""dateAdded"":""2016-11-20T18:08:17Z"",""dateSeen"":[""2016-07-20T00:00:00Z""],""isSale"":""false"",""sourceURLs"":[""https://www.amazon.com/gp/product/B002Y27P3M/ref=con_dp_avail_kink_w""]}]",,,,,http://www.amazon.com/Kindle-Wireless-Reader-Wifi-Graphite/dp/B002Y27P3M,"The Kindle is my first e-ink reader. I own an iPad, an iPhone, and have owned a Windows-based phone in the past that I used as an ereader.br /br /My overall impression of the device is good.br /br /The good:br /I'd honestly rather read linear (read from page one to the end, one page at a time) fiction from it than a book, because I can't always get comfortable with a book. Hardcovers are sometimes a bit heavy, and paperbacks don't always lie open easily. The Kindle is incredibly light and thin. I can hold it in one hand easily. The page turn buttons are conveniently located. Page-turns aren't instant, but they're probably quicker than turning a physical page in a printed book (there are just a lot more page-turns unless you choose a small font). The contrast is better than other ereaders I've seen. There is zero eye strain in good light. My eyesight isn't the greatest and I like being able to increase the font size and read without glasses. I love being able to browse the Kindle store and read samples before deciding to purchase. The experimental browser is surprisingly usable, but isn't great. It is useful for browsing wikipedia and blogs. The biggest drawback to the browser is the awkward pointer navigation, using the 5-way pad. It syncs your furthest read page over the internet so you can pick up where you left off using your iPhone or iPad.br /br /The so-so:br /The kindle store could use more categories and sorting options. You can't sort by top rated, and there is no category for alternate histories, for example. Finding a very-specific type of fiction relies on keyword searches, which don't do a great job. The wifi sometimes doesn't connect before it times-out.Read more","Worth the money. Not perfect, but very very good for start to finish novels in good light",,,Jeffrey Stanley,,,1.1 pounds
AVpfBEWcilAPnD_xTGb7,B002Y27P3M,Amazon,"Kindle Store,Amazon Devices,Electronics",,2015-01-17T12:14:51Z,2015-11-01T00:05:54Z,,,"kindlekeyboard/b002y27p3m,amazon/d01101",Amazon,D01101,Kindle Keyboard,"[{""amountMax"":79.99,""amountMin"":79.99,""currency"":""USD"",""dateAdded"":""2016-11-20T18:08:17Z"",""dateSeen"":[""2016-07-20T00:00:00Z""],""isSale"":""false"",""sourceURLs"":[""https://www.amazon.com/gp/product/B002Y27P3M/ref=con_dp_avail_kink_w""]}]",,,,,http://www.amazon.com/Kindle-Wireless-Reader-Wifi-Graphite/dp/B002Y27P3M,"UPDATE NOVEMBER 2011:br /br /My review is now over a year old, as is the Kindle Keyboard as Amazon calls it now. There are newer models: the basic, cheapie Kindle and the Kindle Touch, and of course the Kindle Fire quasi-tablet.br /br /Each of these models is an excellent choice. Whichever one is right for you just depends on your preferences.br /br /The 3 e-ink Kindles are Kindle Keyboard (this one), Kindle Touch (the newest flagship model), and the basic Kindle. All 3 of them have EXACTLY THE SAME 6 DISPLAY, with the same sharp typeface and high contrast that reads like ink on paper with no eyestrain. The Kindle Keyboard is the oldest of these models, and I got one of the first ones when they came out in August 2010.br /br /I still absolutely LOVE my Kindle Keyboard and use it almost every day. I have read dozens of books on it. I like the newer models, they have some neat features, but the experience of reading a book on them is no better or worse than on my 1-year-old Kindle Keyboard. Page turns are now smoother and faster on the newest Kindles, but the difference is not enough to make it worth the cost of upgrading, in my opinion.br /br /The touch-screen interface of the Kindle Touch is pretty neat. But, unlike my iPad, I only use my Kindle to read books, and reading books is just as nice on any of the current Kindle models. I don't consider the touch screen a must have feature, and I'm normally obsessed with having the latest version of every tech product I own.br /br /For that reason, I think the cheapest Kindle is an excellent choice.Read more",Kindle vs. Nook (updated),,,Ron Cronovich,,,1.1 pounds
AVpfBEWcilAPnD_xTGb7,B002Y27P3M,Amazon,"Kindle Store,Amazon Devices,Electronics",,2015-01-17T12:14:51Z,2015-11-01T00:05:54Z,,,"kindlekeyboard/b002y27p3m,amazon/d01101",Amazon,D01101,Kindle Keyboard,"[{""amountMax"":79.99,""amountMin"":79.99,""currency"":""USD"",""dateAdded"":""2016-11-20T18:08:17Z"",""dateSeen"":[""2016-07-20T00:00:00Z""],""isSale"":""false"",""sourceURLs"":[""https://www.amazon.com/gp/product/B002Y27P3M/ref=con_dp_avail_kink_w""]}]",,,,,http://www.amazon.com/Kindle-Wireless-Reader-Wifi-Graphite/dp/B002Y27P3M,"I woke up to a nice surprise this morning: a new kindle as a gift. I have an iPad and a Kindle DX, but I guess someone heard my complaints of them being too heavy and difficult to do extended-reading on. Don't get me wrong, I absolutely love my iPad and DX, but this new generation of Kindle is perfect for reading outside and for long periods of time. The iPad gets completely washed out in sunlight and often irritates my eyes staring at it for more than a couple of hours. The DX was my go-to device for those extended/outdoor reading periods, but now I have a new friend for reading novels. Instead of a replacement, this one seems more like a companion to the other devices and is a different class. The iPad works great for web browsing, shopping, productivity, games, etc while the Kindle falls short in those areas. The Kindle works great for reading novels, where the iPad falls short. For those that love to do extended-reading of magazines, newspapers, research articles, etc, I find that the DX is the go-to device.br /br /Without a doubt, the size and weight of the new kindle is the biggest draw for me. It's smaller than the last edition by a significant margin. I've played around with the Kindle 2 and was impressed, but now looking at the size of the new Kindle, I'm blown away. It's the absolute perfect size. Smaller would be unmanageable and larger wouldn't feel nearly as good. This is a device that you can hold up, read, and just forget that it's there. Compared to other e-readers I've tried, it's much smaller and much lighter.br /br /One of my biggest complaints about the previous generation Kindles and the DX is the speed. It sometimes takes a while after you push next page' for it to actually change.Read more","Not the perfect do-it-all device, but very close to being the perfect e-reading device!",,,C. Tipton,,,1.1 pounds
AVpfBEWcilAPnD_xTGb7,B002Y27P3M,Amazon,"Kindle Store,Amazon Devices,Electronics",,2015-01-17T12:14:51Z,2015-11-01T00:05:54Z,,,"kindlekeyboard/b002y27p3m,amazon/d01101",Amazon,D01101,Kindle Keyboard,"[{""amountMax"":79.99,""amountMin"":79.99,""currency"":""USD"",""dateAdded"":""2016-11-20T18:08:17Z"",""dateSeen"":[""2016-07-20T00:00:00Z""],""isSale"":""false"",""sourceURLs"":[""https://www.amazon.com/gp/product/B002Y27P3M/ref=con_dp_avail_kink_w""]}]",2014-05-05T05:00:00Z,,,,http://www.amazon.com/Kindle-Wireless-Reader-Wifi-Graphite/product-reviews/B002Y27P3M/ref=cm_cr_dp_see_all_btm?ie=UTF8&showViewpoints=1&sortBy=bySubmissionDateDescending,I use to hate to read but now that I have my Kindle and I can change the size of the font so this old lady can see the words better I love to read.,Great,,,D. Tatro,,,1.1 pounds
AVpfBEWcilAPnD_xTGb7,B002Y27P3M,Amazon,"Kindle Store,Amazon Devices,Electronics",,2015-01-17T12:14:51Z,2015-11-01T00:05:54Z,,,"kindlekeyboard/b002y27p3m,amazon/d01101",Amazon,D01101,Kindle Keyboard,"[{""amountMax"":79.99,""amountMin"":79.99,""currency"":""USD"",""dateAdded"":""2016-11-20T18:08:17Z"",""dateSeen"":[""2016-07-20T00:00:00Z""],""isSale"":""false"",""sourceURLs"":[""https://www.amazon.com/gp/product/B002Y27P3M/ref=con_dp_avail_kink_w""]}]",2014-05-03T05:00:00Z,,,,http://www.amazon.com/Kindle-Wireless-Reader-Wifi-Graphite/product-reviews/B002Y27P3M/ref=cm_cr_dp_see_all_btm?ie=UTF8&showViewpoints=1&sortBy=bySubmissionDateDescending,"All of them quit working. There's absolutely no way to revive them once that battery loses power If NOT charged immediately, if even just a few weeks go by, NO HOPE of ever using your Kindle again. A major flaw",I've had 3!,,,M. Lansford Kindle fave,,,1.1 pounds
AVpfBEWcilAPnD_xTGb7,B002Y27P3M,Amazon,"Kindle Store,Amazon Devices,Electronics",,2015-01-17T12:14:51Z,2015-11-01T00:05:54Z,,,"kindlekeyboard/b002y27p3m,amazon/d01101",Amazon,D01101,Kindle Keyboard,"[{""amountMax"":79.99,""amountMin"":79.99,""currency"":""USD"",""dateAdded"":""2016-11-20T18:08:17Z"",""dateSeen"":[""2016-07-20T00:00:00Z""],""isSale"":""false"",""sourceURLs"":[""https://www.amazon.com/gp/product/B002Y27P3M/ref=con_dp_avail_kink_w""]}]",2014-05-04T05:00:00Z,,,,http://www.amazon.com/Kindle-Wireless-Reader-Wifi-Graphite/product-reviews/B002Y27P3M/ref=cm_cr_dp_see_all_btm?ie=UTF8&showViewpoints=1&sortBy=bySubmissionDateDescending,"I recently ordered my 8th Kindle. It was to replace my 7th Kindle which I unknowingly crushed. I love the Kindle Keyboard as my clumsy old hands tremble too much to type on a touch screen. For me, newer is just more frustrating. However, new Keyboard Kindles are scarce on the ground, so I got a reconditioned one. I noticed on my account page that Amazon recognized my new Kindle as soon as I bought it. When it arrived, however, it was not registered to me and it claimed it could not connect to my home WiFi. So I called my internet provider. I waded through that companys automated menu beginning with press 1 for English. That irritates me as I think English should be the default language in this country. But pressing on, I provided my 9 digit phone number, my 10 digit account number, my 9 digit zip code, my address, my 8 digit birthday, and the name of my favorite pet, my first car and my oldest nephew. Then I listened to an automated menu that had a 9 item selection none of which exactly fitted the problem I was having. After all this, I was asked if I would provide feedback after the call. I know this company and I was sure I would have comments to make, so I pressed 1 for yes. Then instead of finally letting me speak to a person, the automated voice directed me back through the forest of numbers I had already provided. Patiently I retyped all I had already typed. This time I was cannier. I refused the opportunity to give feedback and was finally connected to a person a person with a strong foreign accent and a bad phone connection. Didnt I press 1 for English After struggling for several minutes I begged for a supervisor as I could not understand the English spoken by this person. I was eventually routed to three other people with a hold time between each new connection as each person I spoke to did not handle my problem. I asked for phone numbers every time so I could reconnect if my call was disconnected accidentally. Finally I found a person who could help and did indeed get a connection established between my Kindle and my WiFi. I again asked for a telephone number in case I had further problems. Im sorry. I do not have a phone number that you can call to connect directly to me. Well, I should have known. I had been on the phone for 50 minutes.Then my Kindle would not download my archived items. So I contacted Amazons Help Line. I got an American in the first minute. I did not have to press anything I explained my problem. The Amazon American fiddled with a few buttons on his end and my Kindle began working correctly. I was on the phone for 4 minutes.",Kindle Customer Service vs. Comcast,,,Jean F. Bryant Wordwright,,,1.1 pounds
AVpfBEWcilAPnD_xTGb7,B002Y27P3M,Amazon,"Kindle Store,Amazon Devices,Electronics",,2015-01-17T12:14:51Z,2015-11-01T00:05:54Z,,,"kindlekeyboard/b002y27p3m,amazon/d01101",Amazon,D01101,Kindle Keyboard,"[{""amountMax"":79.99,""amountMin"":79.99,""currency"":""USD"",""dateAdded"":""2016-11-20T18:08:17Z"",""dateSeen"":[""2016-07-20T00:00:00Z""],""isSale"":""false"",""sourceURLs"":[""https://www.amazon.com/gp/product/B002Y27P3M/ref=con_dp_avail_kink_w""]}]",2014-05-05T05:00:00Z,,,,http://www.amazon.com/Kindle-Wireless-Reader-Wifi-Graphite/product-reviews/B002Y27P3M/ref=cm_cr_dp_see_all_btm?ie=UTF8&showViewpoints=1&sortBy=bySubmissionDateDescending,Great. Love it.,I love it,,,Jeff Maddox,,,1.1 pounds
AVpfBEWcilAPnD_xTGb7,B002Y27P3M,Amazon,"Kindle Store,Amazon Devices,Electronics",,2015-01-17T12:14:51Z,2015-11-01T00:05:54Z,,,"kindlekeyboard/b002y27p3m,amazon/d01101",Amazon,D01101,Kindle Keyboard,"[{""amountMax"":79.99,""amountMin"":79.99,""currency"":""USD"",""dateAdded"":""2016-11-20T18:08:17Z"",""dateSeen"":[""2016-07-20T00:00:00Z""],""isSale"":""false"",""sourceURLs"":[""https://www.amazon.com/gp/product/B002Y27P3M/ref=con_dp_avail_kink_w""]}]",2010-09-02T05:00:00Z,,,,http://www.amazon.com/Kindle-Wireless-Reader-Wifi-Graphite/dp/B002Y27P3M,"I researched the purchase of a Kindle for a long time. I couldn't decide whether or not it was worth buying a dedicated e-reader. Boy am I glad I made this purchase. The downside to Amazon's online selling of Kindle 3 is that the customers don't get to see it in person. It is much better in person. This may sound stupid, but when I got my new Kindle, I thought there was a stuck-on overlay on the screen containing a diagram of the unit's buttons, etc. I actually tried to peel it off. Doh! The e-ink on this unit is THAT good. I didn't realize that I was staring at the actual display. I also didn't realize that no power is required until the display changes. (thus the great battery life) I do a lot of reading, but was facing the prospect of reading less or buying large type books because of my variable and deteriorating eyesight. The new Kindle has been a godsend. Now, I can decide the size of type I need depending on my level of fatigue among other things. The weight and ergonomics are very good. For someone, like me, with neuropathy in his hands, it is extremely easy to manage and enjoyable to own. To me, it is easier to read than print books. The ease of navigation is great as is the speed. The battery life, so far, has been extraordinary. It easily connected to our home Wi-Fi, which by design does not broadcast an SSID. It downloads books so fast that I almost thought they were not completely received. I did not buy the 3G version because of the price difference and the fact that there is no coverage where I live. If you are not constantly traveling, I don't see the need to spend the extra bucks, but that is a matter of personal choice. For those who have no Wi-Fi at home, remember that you can always download the material to your computer and transfer it via USB.Read more",A hesistant buyer rejoices on his choice,,,Mr Goodwrench,,,1.1 pounds
AVpfBEWcilAPnD_xTGb7,B002Y27P3M,Amazon,"Kindle Store,Amazon Devices,Electronics",,2015-01-17T12:14:51Z,2015-11-01T00:05:54Z,,,"kindlekeyboard/b002y27p3m,amazon/d01101",Amazon,D01101,Kindle Keyboard,"[{""amountMax"":79.99,""amountMin"":79.99,""currency"":""USD"",""dateAdded"":""2016-11-20T18:08:17Z"",""dateSeen"":[""2016-07-20T00:00:00Z""],""isSale"":""false"",""sourceURLs"":[""https://www.amazon.com/gp/product/B002Y27P3M/ref=con_dp_avail_kink_w""]}]",2014-05-02T05:00:00Z,,,,http://www.amazon.com/Kindle-Wireless-Reader-Wifi-Graphite/product-reviews/B002Y27P3M/ref=cm_cr_dp_see_all_btm?ie=UTF8&showViewpoints=1&sortBy=bySubmissionDateDescending,"This thing has captured my wife's heart. She reads every where, all the time. Vacation, on the way to church, At bedtime and far beyond. Books are so easy to get from the kindle itself It fits in her purse, I have to repeat everything , I always get, right after this chapter . Do not buy this for someone you want share LIFE with.",Ruined my marriage,,,ken,,,1.1 pounds
AVpfBEWcilAPnD_xTGb7,B002Y27P3M,Amazon,"Kindle Store,Amazon Devices,Electronics",,2015-01-17T12:14:51Z,2015-11-01T00:05:54Z,,,"kindlekeyboard/b002y27p3m,amazon/d01101",Amazon,D01101,Kindle Keyboard,"[{""amountMax"":79.99,""amountMin"":79.99,""currency"":""USD"",""dateAdded"":""2016-11-20T18:08:17Z"",""dateSeen"":[""2016-07-20T00:00:00Z""],""isSale"":""false"",""sourceURLs"":[""https://www.amazon.com/gp/product/B002Y27P3M/ref=con_dp_avail_kink_w""]}]",2014-05-06T05:00:00Z,,,,http://www.amazon.com/Kindle-Wireless-Reader-Wifi-Graphite/product-reviews/B002Y27P3M/ref=cm_cr_dp_see_all_btm?ie=UTF8&showViewpoints=1&sortBy=bySubmissionDateDescending,"I got my Kindle a few years ago and barely used it. Recently I discovered it again and have been using it daily, always in a hard protective case as it has been from day 1. Yesterday I opened the cover ready to read and discovered the screen had apparently cracked, seemingly for no apparent reason (no extreme temperatures, dropping, pressure, etc.). A quick Google search revealed this is a common problem, especially for my model, which made me think Amazon would replace the device for me due to the obvious design flaw. Not a chance though. Despite endless reports of this problem popping up through simple internet searches the representative I spoke to denied this was a common problem and was only able to offer me a very slight discount on a new product. Not sure it is worth the investment again - thinking it is better to stick to reading on my iPad, which is equipped with indestructible Gorilla Glass. Bottom line: do not buy a Kindle if you want a lasting product",Not a long-lasting product!,,,Lucky Luke,,,1.1 pounds
AVpfBEWcilAPnD_xTGb7,B002Y27P3M,Amazon,"Kindle Store,Amazon Devices,Electronics",,2015-01-17T12:14:51Z,2015-11-01T00:05:54Z,,,"kindlekeyboard/b002y27p3m,amazon/d01101",Amazon,D01101,Kindle Keyboard,"[{""amountMax"":79.99,""amountMin"":79.99,""currency"":""USD"",""dateAdded"":""2016-11-20T18:08:17Z"",""dateSeen"":[""2016-07-20T00:00:00Z""],""isSale"":""false"",""sourceURLs"":[""https://www.amazon.com/gp/product/B002Y27P3M/ref=con_dp_avail_kink_w""]}]",2014-05-06T05:00:00Z,,,,http://www.amazon.com/Kindle-Wireless-Reader-Wifi-Graphite/product-reviews/B002Y27P3M/ref=cm_cr_dp_see_all_btm?ie=UTF8&showViewpoints=1&sortBy=bySubmissionDateDescending,"It was excellent for me in one moment when I was able to use it onboard cruise ship while ship was in international water with it's own 3G or EDGE cellphone network. Once they stop this way of using around 5 months ago, now I can use it only when I am in the states.",Good device,,,George,,,1.1 pounds
AVpfBEWcilAPnD_xTGb7,B002Y27P3M,Amazon,"Kindle Store,Amazon Devices,Electronics",,2015-01-17T12:14:51Z,2015-11-01T00:05:54Z,,,"kindlekeyboard/b002y27p3m,amazon/d01101",Amazon,D01101,Kindle Keyboard,"[{""amountMax"":79.99,""amountMin"":79.99,""currency"":""USD"",""dateAdded"":""2016-11-20T18:08:17Z"",""dateSeen"":[""2016-07-20T00:00:00Z""],""isSale"":""false"",""sourceURLs"":[""https://www.amazon.com/gp/product/B002Y27P3M/ref=con_dp_avail_kink_w""]}]",2014-05-06T05:00:00Z,,,,http://www.amazon.com/Kindle-Wireless-Reader-Wifi-Graphite/product-reviews/B002Y27P3M/ref=cm_cr_dp_see_all_btm?ie=UTF8&showViewpoints=1&sortBy=bySubmissionDateDescending,"Bought for my husband for Christmas and I have to admit that I use it much more than he does, I love this product even though it has been updated with newer versions. I like to have something with just books. Easy to use, screen is easy to read, battery life long. I use it at the beach and for travel. Nice to have",Great,,,Kelly Beaumont,,,1.1 pounds
AVpfBEWcilAPnD_xTGb7,B002Y27P3M,Amazon,"Kindle Store,Amazon Devices,Electronics",,2015-01-17T12:14:51Z,2015-11-01T00:05:54Z,,,"kindlekeyboard/b002y27p3m,amazon/d01101",Amazon,D01101,Kindle Keyboard,"[{""amountMax"":79.99,""amountMin"":79.99,""currency"":""USD"",""dateAdded"":""2016-11-20T18:08:17Z"",""dateSeen"":[""2016-07-20T00:00:00Z""],""isSale"":""false"",""sourceURLs"":[""https://www.amazon.com/gp/product/B002Y27P3M/ref=con_dp_avail_kink_w""]}]",2014-05-06T05:00:00Z,,,,http://www.amazon.com/Kindle-Wireless-Reader-Wifi-Graphite/product-reviews/B002Y27P3M/ref=cm_cr_dp_see_all_btm?ie=UTF8&showViewpoints=1&sortBy=bySubmissionDateDescending,It simply works even after 3.5 years of constant use. The battery is OK. Display looks the same. System is stable and reasonably responsive.,Do I need to say anything more?,,,Alexandr Petak,,,1.1 pounds
AVpfBEWcilAPnD_xTGb7,B002Y27P3M,Amazon,"Kindle Store,Amazon Devices,Electronics",,2015-01-17T12:14:51Z,2015-11-01T00:05:54Z,,,"kindlekeyboard/b002y27p3m,amazon/d01101",Amazon,D01101,Kindle Keyboard,"[{""amountMax"":79.99,""amountMin"":79.99,""currency"":""USD"",""dateAdded"":""2016-11-20T18:08:17Z"",""dateSeen"":[""2016-07-20T00:00:00Z""],""isSale"":""false"",""sourceURLs"":[""https://www.amazon.com/gp/product/B002Y27P3M/ref=con_dp_avail_kink_w""]}]",2014-05-07T05:00:00Z,,,,http://www.amazon.com/Kindle-Wireless-Reader-Wifi-Graphite/product-reviews/B002Y27P3M/ref=cm_cr_dp_see_all_btm?ie=UTF8&showViewpoints=1&sortBy=bySubmissionDateDescending,I would highly recommend them to everyone. Got it when I was told that I would get it. Very happy.,Great Service,,,Di,,,1.1 pounds
AVpfBEWcilAPnD_xTGb7,B002Y27P3M,Amazon,"Kindle Store,Amazon Devices,Electronics",,2015-01-17T12:14:51Z,2015-11-01T00:05:54Z,,,"kindlekeyboard/b002y27p3m,amazon/d01101",Amazon,D01101,Kindle Keyboard,"[{""amountMax"":79.99,""amountMin"":79.99,""currency"":""USD"",""dateAdded"":""2016-11-20T18:08:17Z"",""dateSeen"":[""2016-07-20T00:00:00Z""],""isSale"":""false"",""sourceURLs"":[""https://www.amazon.com/gp/product/B002Y27P3M/ref=con_dp_avail_kink_w""]}]",,,,4.0,https://www.amazon.com/Kindle-Wireless-Reader-Wifi-Graphite/dp/B002Y27P3M,"I'm a first-time Kindle owner, so I have nothing to compare the latest Kindle to. I don't own a Nook. I don't own an iPad (and, in any case, that's comparing apples to oranges). I don't have a Sony e-reader. 'This will be a short, simple review.I received my Kindle about a week ago and haven't been able to put it down.Things I like about my Kindle1. The e-ink display is amazing.2. Using the 5-way controller is simple and effective.3. Page turn speeds are faster than I thought they would be.4. It's lightweight, even with the attached cover (I have an Amazon cover with a built-in light)5. Page-turning buttons are quiet and well-placed.6. Recharge time is fast.7. I can order a book and start reading it in less than 60 seconds. Nice!8. Portability... I can take 3,000 books with me when I travel for work and not require additional suitcases or baggage fees.Things I'm not too keen on1. Buttons are too close together and are laid out oddly.2. Lack of individual number buttons is frustrating.3. Power button on the bottom Not a bad thing. Just an odd thing. (Same for the headphone input). I usually rest the bottom of a book on my lap when I read.Things I hope change in the future1. How books are organized... When I put a book in a collection (which is actually a tag), it still appears in the main list. It's not actually moved, it's merely associated.2. The look of the main screen. I'd like folders or some other way to display collections.3. Ability to create personal screen savers.4. E-book pricing, though Amazon has little control over this. Still, most titles are the same price as or less than their hardback/paperback counterparts.Read more","I Wanted a Dedicated E-Reader, and That's What I Got 3,129 people found this helpful. Was this review helpful to you Yes No",,,Matthew Coenen,,,1.1 pounds
AVpfBEWcilAPnD_xTGb7,B002Y27P3M,Amazon,"Kindle Store,Amazon Devices,Electronics",,2015-01-17T12:14:51Z,2015-11-01T00:05:54Z,,,"kindlekeyboard/b002y27p3m,amazon/d01101",Amazon,D01101,Kindle Keyboard,"[{""amountMax"":79.99,""amountMin"":79.99,""currency"":""USD"",""dateAdded"":""2016-11-20T18:08:17Z"",""dateSeen"":[""2016-07-20T00:00:00Z""],""isSale"":""false"",""sourceURLs"":[""https://www.amazon.com/gp/product/B002Y27P3M/ref=con_dp_avail_kink_w""]}]",,,,5.0,https://www.amazon.com/Kindle-Wireless-Reader-Wifi-Graphite/dp/B002Y27P3M,"UPDATE NOVEMBER 2011:My review is now over a year old, as is the Kindle Keyboard as Amazon calls it now. There are newer models: the basic, cheapie Kindle and the Kindle Touch, and of course the Kindle Fire quasi-tablet.Each of these models is an excellent choice. Whichever one is right for you just depends on your preferences.The 3 e-ink Kindles are Kindle Keyboard (this one), Kindle Touch (the newest flagship model), and the basic Kindle. All 3 of them have EXACTLY THE SAME 6 DISPLAY, with the same sharp typeface and high contrast that reads like ink on paper with no eyestrain. The Kindle Keyboard is the oldest of these models, and I got one of the first ones when they came out in August 2010.I still absolutely LOVE my Kindle Keyboard and use it almost every day. I have read dozens of books on it. I like the newer models, they have some neat features, but the experience of reading a book on them is no better or worse than on my 1-year-old Kindle Keyboard. Page turns are now smoother and faster on the newest Kindles, but the difference is not enough to make it worth the cost of upgrading, in my opinion.The touch-screen interface of the Kindle Touch is pretty neat. But, unlike my iPad, I only use my Kindle to read books, and reading books is just as nice on any of the current Kindle models. I don't consider the touch screen a must have feature, and I'm normally obsessed with having the latest version of every tech product I own.For that reason, I think the cheapest Kindle is an excellent choice.Read more","Kindle vs. Nook (updated) 31,885 people found this helpful. Was this review helpful to you Yes No",,,Ron Cronovich,,,1.1 pounds
AVpfBEWcilAPnD_xTGb7,B002Y27P3M,Amazon,"Kindle Store,Amazon Devices,Electronics",,2015-01-17T12:14:51Z,2015-11-01T00:05:54Z,,,"kindlekeyboard/b002y27p3m,amazon/d01101",Amazon,D01101,Kindle Keyboard,"[{""amountMax"":79.99,""amountMin"":79.99,""currency"":""USD"",""dateAdded"":""2016-11-20T18:08:17Z"",""dateSeen"":[""2016-07-20T00:00:00Z""],""isSale"":""false"",""sourceURLs"":[""https://www.amazon.com/gp/product/B002Y27P3M/ref=con_dp_avail_kink_w""]}]",,,,3.0,https://www.amazon.com/Kindle-Wireless-Reader-Wifi-Graphite/dp/B002Y27P3M,"The Kindle is my first e-ink reader. I own an iPad, an iPhone, and have owned a Windows-based phone in the past that I used as an ereader.My overall impression of the device is good.The good:I'd honestly rather read linear (read from page one to the end, one page at a time) fiction from it than a book, because I can't always get comfortable with a book. Hardcovers are sometimes a bit heavy, and paperbacks don't always lie open easily. The Kindle is incredibly light and thin. I can hold it in one hand easily. The page turn buttons are conveniently located. Page-turns aren't instant, but they're probably quicker than turning a physical page in a printed book (there are just a lot more page-turns unless you choose a small font). The contrast is better than other ereaders I've seen. There is zero eye strain in good light. My eyesight isn't the greatest and I like being able to increase the font size and read without glasses. I love being able to browse the Kindle store and read samples before deciding to purchase. The experimental browser is surprisingly usable, but isn't great. It is useful for browsing wikipedia and blogs. The biggest drawback to the browser is the awkward pointer navigation, using the 5-way pad. It syncs your furthest read page over the internet so you can pick up where you left off using your iPhone or iPad.The so-so:The kindle store could use more categories and sorting options. You can't sort by top rated, and there is no category for alternate histories, for example. Finding a very-specific type of fiction relies on keyword searches, which don't do a great job. The wifi sometimes doesn't connect before it times-out.Read more","Worth the money. Not perfect, but very very good for start to finish novels in good light 11,975 people found this helpful. Was this review helpful to you Yes No",,,Jeffrey Stanley,,,1.1 pounds
AVpfBEWcilAPnD_xTGb7,B002Y27P3M,Amazon,"Kindle Store,Amazon Devices,Electronics",,2015-01-17T12:14:51Z,2015-11-01T00:05:54Z,,,"kindlekeyboard/b002y27p3m,amazon/d01101",Amazon,D01101,Kindle Keyboard,"[{""amountMax"":79.99,""amountMin"":79.99,""currency"":""USD"",""dateAdded"":""2016-11-20T18:08:17Z"",""dateSeen"":[""2016-07-20T00:00:00Z""],""isSale"":""false"",""sourceURLs"":[""https://www.amazon.com/gp/product/B002Y27P3M/ref=con_dp_avail_kink_w""]}]",,,,3.0,https://www.amazon.com/Kindle-Wireless-Reader-Wifi-Graphite/dp/B002Y27P3M,"The Kindle is my first e-ink reader. I own an iPad, an iPhone, and have owned a Windows-based phone in the past that I used as an ereader.My overall impression of the device is good.The good:I'd honestly rather read linear (read from page one to the end, one page at a time) fiction from it than a book, because I can't always get comfortable with a book. Hardcovers are sometimes a bit heavy, and paperbacks don't always lie open easily. The Kindle is incredibly light and thin. I can hold it in one hand easily. The page turn buttons are conveniently located. Page-turns aren't instant, but they're probably quicker than turning a physical page in a printed book (there are just a lot more page-turns unless you choose a small font). The contrast is better than other ereaders I've seen. There is zero eye strain in good light. My eyesight isn't the greatest and I like being able to increase the font size and read without glasses. I love being able to browse the Kindle store and read samples before deciding to purchase. The experimental browser is surprisingly usable, but isn't great. It is useful for browsing wikipedia and blogs. The biggest drawback to the browser is the awkward pointer navigation, using the 5-way pad. It syncs your furthest read page over the internet so you can pick up where you left off using your iPhone or iPad.The so-so:The kindle store could use more categories and sorting options. You can't sort by top rated, and there is no category for alternate histories, for example. Finding a very-specific type of fiction relies on keyword searches, which don't do a great job. The wifi sometimes doesn't connect before it times-out.Read more","Worth the money. Not perfect, but very very good for start to finish novels in good light 11,965 people found this helpful. Was this review helpful to you Yes No",,,Jeffrey Stanley,,,1.1 pounds
AVpfBEWcilAPnD_xTGb7,B002Y27P3M,Amazon,"Kindle Store,Amazon Devices,Electronics",,2015-01-17T12:14:51Z,2015-11-01T00:05:54Z,,,"kindlekeyboard/b002y27p3m,amazon/d01101",Amazon,D01101,Kindle Keyboard,"[{""amountMax"":79.99,""amountMin"":79.99,""currency"":""USD"",""dateAdded"":""2016-11-20T18:08:17Z"",""dateSeen"":[""2016-07-20T00:00:00Z""],""isSale"":""false"",""sourceURLs"":[""https://www.amazon.com/gp/product/B002Y27P3M/ref=con_dp_avail_kink_w""]}]",,,,4.0,https://www.amazon.com/Kindle-Wireless-Reader-Wifi-Graphite/dp/B002Y27P3M,"I'm a first-time Kindle owner, so I have nothing to compare the latest Kindle to. I don't own a Nook. I don't own an iPad (and, in any case, that's comparing apples to oranges). I don't have a Sony e-reader. 'This will be a short, simple review.I received my Kindle about a week ago and haven't been able to put it down.Things I like about my Kindle1. The e-ink display is amazing.2. Using the 5-way controller is simple and effective.3. Page turn speeds are faster than I thought they would be.4. It's lightweight, even with the attached cover (I have an Amazon cover with a built-in light)5. Page-turning buttons are quiet and well-placed.6. Recharge time is fast.7. I can order a book and start reading it in less than 60 seconds. Nice!8. Portability... I can take 3,000 books with me when I travel for work and not require additional suitcases or baggage fees.Things I'm not too keen on1. Buttons are too close together and are laid out oddly.2. Lack of individual number buttons is frustrating.3. Power button on the bottom Not a bad thing. Just an odd thing. (Same for the headphone input). I usually rest the bottom of a book on my lap when I read.Things I hope change in the future1. How books are organized... When I put a book in a collection (which is actually a tag), it still appears in the main list. It's not actually moved, it's merely associated.2. The look of the main screen. I'd like folders or some other way to display collections.3. Ability to create personal screen savers.4. E-book pricing, though Amazon has little control over this. Still, most titles are the same price as or less than their hardback/paperback counterparts.Read more","I Wanted a Dedicated E-Reader, and That's What I Got 3,120 people found this helpful. Was this review helpful to you Yes No",,,Matthew Coenen,,,1.1 pounds
AVpfBEWcilAPnD_xTGb7,B002Y27P3M,Amazon,"Kindle Store,Amazon Devices,Electronics",,2015-01-17T12:14:51Z,2015-11-01T00:05:54Z,,,"kindlekeyboard/b002y27p3m,amazon/d01101",Amazon,D01101,Kindle Keyboard,"[{""amountMax"":79.99,""amountMin"":79.99,""currency"":""USD"",""dateAdded"":""2016-11-20T18:08:17Z"",""dateSeen"":[""2016-07-20T00:00:00Z""],""isSale"":""false"",""sourceURLs"":[""https://www.amazon.com/gp/product/B002Y27P3M/ref=con_dp_avail_kink_w""]}]",,,,5.0,https://www.amazon.com/Kindle-Wireless-Reader-Wifi-Graphite/dp/B002Y27P3M,"UPDATE NOVEMBER 2011:My review is now over a year old, as is the Kindle Keyboard as Amazon calls it now. There are newer models: the basic, cheapie Kindle and the Kindle Touch, and of course the Kindle Fire quasi-tablet.Each of these models is an excellent choice. Whichever one is right for you just depends on your preferences.The 3 e-ink Kindles are Kindle Keyboard (this one), Kindle Touch (the newest flagship model), and the basic Kindle. All 3 of them have EXACTLY THE SAME 6 DISPLAY, with the same sharp typeface and high contrast that reads like ink on paper with no eyestrain. The Kindle Keyboard is the oldest of these models, and I got one of the first ones when they came out in August 2010.I still absolutely LOVE my Kindle Keyboard and use it almost every day. I have read dozens of books on it. I like the newer models, they have some neat features, but the experience of reading a book on them is no better or worse than on my 1-year-old Kindle Keyboard. Page turns are now smoother and faster on the newest Kindles, but the difference is not enough to make it worth the cost of upgrading, in my opinion.The touch-screen interface of the Kindle Touch is pretty neat. But, unlike my iPad, I only use my Kindle to read books, and reading books is just as nice on any of the current Kindle models. I don't consider the touch screen a must have feature, and I'm normally obsessed with having the latest version of every tech product I own.For that reason, I think the cheapest Kindle is an excellent choice.Read more","Kindle vs. Nook (updated) 31,863 people found this helpful. Was this review helpful to you Yes No",,,Ron Cronovich,,,1.1 pounds
AVpff7_VilAPnD_xc1E_,B00DU15MU4,Amazon,"Categories,Amazon Devices,Streaming Media Players",,2016-02-03T04:11:33Z,2017-08-08T22:03:27Z,,848719000000.0,"848719035551,0848719035551,certifiedrefurbishedamazonfiretvpreviousgeneration1st/b00du15mu4",Amazon,,Certified Refurbished Amazon Fire TV (Previous Generation - 1st),"[{""amountMax"":94.00,""amountMin"":94.00,""condition"":""New"",""currency"":""USD"",""dateAdded"":""2017-08-08T22:03:27Z"",""dateSeen"":[""2017-08-04T07:34:48.337Z"",""2017-07-27T14:42:43.671Z""],""isSale"":""false"",""sourceURLs"":[""https://www.barcodable.com/upc/848719035551""]},{""amountMax"":94.00,""amountMin"":94.00,""currency"":""USD"",""dateAdded"":""2016-02-03T04:11:33Z"",""dateSeen"":[""2016-03-19T00:00:00Z""],""isSale"":""false"",""merchant"":""Amazon.com"",""shipping"":""FREE Shipping."",""sourceURLs"":[""http://www.amazon.com/Certified-Refurbished-Amazon-Previous-Generation/dp/B00DU15MU4""]},{""amountMax"":94.00,""amountMin"":94.00,""currency"":""USD"",""dateAdded"":""2016-02-03T04:11:33Z"",""dateSeen"":[""2016-03-20T00:00:00Z""],""isSale"":""false"",""shipping"":""FREE Shipping."",""sourceURLs"":[""http://www.amazon.com/Certified-Refurbished-Amazon-Previous-Generation/dp/B00DU15MU4"",""http://www.amazon.com/Certified-Refurbished-Amazon-Fire-TV/dp/B00DU15MU4""]},{""amountMax"":12.99,""amountMin"":12.99,""currency"":""USD"",""dateAdded"":""2016-02-03T04:11:33Z"",""dateSeen"":[""2016-03-18T00:00:00Z""],""isSale"":""false"",""sourceURLs"":[""http://www.amazon.com/Certified-Refurbished-Amazon-Previous-Generation/dp/B00DU15MU4""]}]",2014-04-03T00:00:00Z,,,,http://www.amazon.com/Certified-Refurbished-Amazon-Fire-TV/dp/B00DU15MU4,"Having received my Fire TV today, I've been trying it out for the past couple of hours.Setup was a no brainer. It required an update immediately so it did take about 15 minutes to have it in action but the process was very simple.The image quality (movies and games) is excellent. I've tried several movies from Amazon Prime and they look and sound nearly Blu Ray quality as far as I can tell.Navigation is very straightforward and it's generally easy to find anything you're looking for. Installation of games and apps goes very smoothly and generally pretty quickly.The remote works very well. I haven't played with the voice search feature much yet, but when I have tried it, it worked well. The buttons on the remote are well thought out and I prefer it to the Apple TV remote.I only have one gripe. As far as I can tell, there's no way to limit the list of movies and tv shows to what is available for Amazon Prime members. This makes it very inconvenient to find things that are free to watch. There are some categories that are limited to Prime (Most Popular on Prime, For Kids on Prime) I want to be able to just see what's available for Prime or at least be able to see by category what's available for Prime. I'm sure this isn't an oversight. I suspect Amazon wants to force us to look at everything and be tempted to buy/rent things but if they really want to compete with Netflix, they'll understand that we pay for our Prime membership to be able to watch free movies conveniently. A workaround is to do your searching on the web and then search specifically on the device.Perhaps I just haven't found the way to search for Prime available content. I hope that's the case or I will really be disappointed.Read more",Works great with one critical flaw. (significantly improved),,,Gregory P. Baker,,848719000000.0,
AVpff7_VilAPnD_xc1E_,B00DU15MU4,Amazon,"Categories,Amazon Devices,Streaming Media Players",,2016-02-03T04:11:33Z,2017-08-08T22:03:27Z,,848719000000.0,"848719035551,0848719035551,certifiedrefurbishedamazonfiretvpreviousgeneration1st/b00du15mu4",Amazon,,Certified Refurbished Amazon Fire TV (Previous Generation - 1st),"[{""amountMax"":94.00,""amountMin"":94.00,""condition"":""New"",""currency"":""USD"",""dateAdded"":""2017-08-08T22:03:27Z"",""dateSeen"":[""2017-08-04T07:34:48.337Z"",""2017-07-27T14:42:43.671Z""],""isSale"":""false"",""sourceURLs"":[""https://www.barcodable.com/upc/848719035551""]},{""amountMax"":94.00,""amountMin"":94.00,""currency"":""USD"",""dateAdded"":""2016-02-03T04:11:33Z"",""dateSeen"":[""2016-03-19T00:00:00Z""],""isSale"":""false"",""merchant"":""Amazon.com"",""shipping"":""FREE Shipping."",""sourceURLs"":[""http://www.amazon.com/Certified-Refurbished-Amazon-Previous-Generation/dp/B00DU15MU4""]},{""amountMax"":94.00,""amountMin"":94.00,""currency"":""USD"",""dateAdded"":""2016-02-03T04:11:33Z"",""dateSeen"":[""2016-03-20T00:00:00Z""],""isSale"":""false"",""shipping"":""FREE Shipping."",""sourceURLs"":[""http://www.amazon.com/Certified-Refurbished-Amazon-Previous-Generation/dp/B00DU15MU4"",""http://www.amazon.com/Certified-Refurbished-Amazon-Fire-TV/dp/B00DU15MU4""]},{""amountMax"":12.99,""amountMin"":12.99,""currency"":""USD"",""dateAdded"":""2016-02-03T04:11:33Z"",""dateSeen"":[""2016-03-18T00:00:00Z""],""isSale"":""false"",""sourceURLs"":[""http://www.amazon.com/Certified-Refurbished-Amazon-Previous-Generation/dp/B00DU15MU4""]}]",2014-04-07T00:00:00Z,,,,http://www.amazon.com/Certified-Refurbished-Amazon-Previous-Generation/dp/B00DU15MU4,"I'm your typical middle-aged woman - I don't game, and I'm not super tech-savvy by any means....so take this review for what it is. The Fire TV was easy to install and I'm loving all the features, free movies, music and simple interface - this thing even has a screen saver that comes on when you're listening to music! We've always just had our Comcast cable service without DVR and occasionally used Comcast OnDemand to watch/rent movies - but I'll never watch from Comcast again. The voice recognition software is amazing and brought me to exactly what I was looking for every single time I searched. It's just so easy to find what you're looking for (unlike Comcast), and since I'm an Amazon Prime member most of what I want to view is free - oh and for the new release movies the cost to rent from Amazon is on average cheaper than Comcast OnDemand by a 1 or more. So happy with this purchase!","A review from a non-techie 11,059 people found this helpful. Was this review helpful to you Yes No",,,Mandy,,848719000000.0,
AVpff7_VilAPnD_xc1E_,B00DU15MU4,Amazon,"Categories,Amazon Devices,Streaming Media Players",,2016-02-03T04:11:33Z,2017-08-08T22:03:27Z,,848719000000.0,"848719035551,0848719035551,certifiedrefurbishedamazonfiretvpreviousgeneration1st/b00du15mu4",Amazon,,Certified Refurbished Amazon Fire TV (Previous Generation - 1st),"[{""amountMax"":94.00,""amountMin"":94.00,""condition"":""New"",""currency"":""USD"",""dateAdded"":""2017-08-08T22:03:27Z"",""dateSeen"":[""2017-08-04T07:34:48.337Z"",""2017-07-27T14:42:43.671Z""],""isSale"":""false"",""sourceURLs"":[""https://www.barcodable.com/upc/848719035551""]},{""amountMax"":94.00,""amountMin"":94.00,""currency"":""USD"",""dateAdded"":""2016-02-03T04:11:33Z"",""dateSeen"":[""2016-03-19T00:00:00Z""],""isSale"":""false"",""merchant"":""Amazon.com"",""shipping"":""FREE Shipping."",""sourceURLs"":[""http://www.amazon.com/Certified-Refurbished-Amazon-Previous-Generation/dp/B00DU15MU4""]},{""amountMax"":94.00,""amountMin"":94.00,""currency"":""USD"",""dateAdded"":""2016-02-03T04:11:33Z"",""dateSeen"":[""2016-03-20T00:00:00Z""],""isSale"":""false"",""shipping"":""FREE Shipping."",""sourceURLs"":[""http://www.amazon.com/Certified-Refurbished-Amazon-Previous-Generation/dp/B00DU15MU4"",""http://www.amazon.com/Certified-Refurbished-Amazon-Fire-TV/dp/B00DU15MU4""]},{""amountMax"":12.99,""amountMin"":12.99,""currency"":""USD"",""dateAdded"":""2016-02-03T04:11:33Z"",""dateSeen"":[""2016-03-18T00:00:00Z""],""isSale"":""false"",""sourceURLs"":[""http://www.amazon.com/Certified-Refurbished-Amazon-Previous-Generation/dp/B00DU15MU4""]}]",2014-04-06T00:00:00Z,,,,http://www.amazon.com/Certified-Refurbished-Amazon-Previous-Generation/dp/B00DU15MU4,"An Amazon.com official commented on this review(What's this) The Amazon team saysJuly 30, 2014Hi Dallas, thank you for sharing your feedback. We wanted to let you know that we made it easier to find your favorite Prime content with the click of your remote. You can now browse many more Prime-only categories, including Top Prime TV, Top Prime Movies, Prime TV for Kids, Prime Movies for Kids, Prime TV by Genre, and Prime Movies by Genre.","I like it Amazon...But this is IMPORTANT 5,859 people found this helpful. Was this review helpful to you Yes No An Amazon.com official commented on this review",,,Dallas,,848719000000.0,
AVpff7_VilAPnD_xc1E_,B00DU15MU4,Amazon,"Categories,Amazon Devices,Streaming Media Players",,2016-02-03T04:11:33Z,2017-08-08T22:03:27Z,,848719000000.0,"848719035551,0848719035551,certifiedrefurbishedamazonfiretvpreviousgeneration1st/b00du15mu4",Amazon,,Certified Refurbished Amazon Fire TV (Previous Generation - 1st),"[{""amountMax"":94.00,""amountMin"":94.00,""condition"":""New"",""currency"":""USD"",""dateAdded"":""2017-08-08T22:03:27Z"",""dateSeen"":[""2017-08-04T07:34:48.337Z"",""2017-07-27T14:42:43.671Z""],""isSale"":""false"",""sourceURLs"":[""https://www.barcodable.com/upc/848719035551""]},{""amountMax"":94.00,""amountMin"":94.00,""currency"":""USD"",""dateAdded"":""2016-02-03T04:11:33Z"",""dateSeen"":[""2016-03-19T00:00:00Z""],""isSale"":""false"",""merchant"":""Amazon.com"",""shipping"":""FREE Shipping."",""sourceURLs"":[""http://www.amazon.com/Certified-Refurbished-Amazon-Previous-Generation/dp/B00DU15MU4""]},{""amountMax"":94.00,""amountMin"":94.00,""currency"":""USD"",""dateAdded"":""2016-02-03T04:11:33Z"",""dateSeen"":[""2016-03-20T00:00:00Z""],""isSale"":""false"",""shipping"":""FREE Shipping."",""sourceURLs"":[""http://www.amazon.com/Certified-Refurbished-Amazon-Previous-Generation/dp/B00DU15MU4"",""http://www.amazon.com/Certified-Refurbished-Amazon-Fire-TV/dp/B00DU15MU4""]},{""amountMax"":12.99,""amountMin"":12.99,""currency"":""USD"",""dateAdded"":""2016-02-03T04:11:33Z"",""dateSeen"":[""2016-03-18T00:00:00Z""],""isSale"":""false"",""sourceURLs"":[""http://www.amazon.com/Certified-Refurbished-Amazon-Previous-Generation/dp/B00DU15MU4""]}]",2014-04-03T00:00:00Z,,,4.0,http://www.amazon.com/Certified-Refurbished-Amazon-Previous-Generation/dp/B00DU15MU4,"Having received my Fire TV today, I've been trying it out for the past couple of hours.Setup was a no brainer. It required an update immediately so it did take about 15 minutes to have it in action but the process was very simple.The image quality (movies and games) is excellent. I've tried several movies from Amazon Prime and they look and sound nearly Blu Ray quality as far as I can tell.Navigation is very straightforward and it's generally easy to find anything you're looking for. Installation of games and apps goes very smoothly and generally pretty quickly.The remote works very well. I haven't played with the voice search feature much yet, but when I have tried it, it worked well. The buttons on the remote are well thought out and I prefer it to the Apple TV remote.I only have one gripe. As far as I can tell, there's no way to limit the list of movies and tv shows to what is available for Amazon Prime members. This makes it very inconvenient to find things that are free to watch. There are some categories that are limited to Prime (Most Popular on Prime, For Kids on Prime) I want to be able to just see what's available for Prime or at least be able to see by category what's available for Prime. I'm sure this isn't an oversight. I suspect Amazon wants to force us to look at everything and be tempted to buy/rent things but if they really want to compete with Netflix, they'll understand that we pay for our Prime membership to be able to watch free movies conveniently. A workaround is to do your searching on the web and then search specifically on the device.Perhaps I just haven't found the way to search for Prime available content. I hope that's the case or I will really be disappointed.Read more","Works great with one critical flaw. (significantly improved) 7,382 people found this helpful. Was this review helpful to you Yes No",,,Gregory P. Baker,,848719000000.0,
AVpff7_VilAPnD_xc1E_,B00DU15MU4,Amazon,"Categories,Amazon Devices,Streaming Media Players",,2016-02-03T04:11:33Z,2017-08-08T22:03:27Z,,848719000000.0,"848719035551,0848719035551,certifiedrefurbishedamazonfiretvpreviousgeneration1st/b00du15mu4",Amazon,,Certified Refurbished Amazon Fire TV (Previous Generation - 1st),"[{""amountMax"":94.00,""amountMin"":94.00,""condition"":""New"",""currency"":""USD"",""dateAdded"":""2017-08-08T22:03:27Z"",""dateSeen"":[""2017-08-04T07:34:48.337Z"",""2017-07-27T14:42:43.671Z""],""isSale"":""false"",""sourceURLs"":[""https://www.barcodable.com/upc/848719035551""]},{""amountMax"":94.00,""amountMin"":94.00,""currency"":""USD"",""dateAdded"":""2016-02-03T04:11:33Z"",""dateSeen"":[""2016-03-19T00:00:00Z""],""isSale"":""false"",""merchant"":""Amazon.com"",""shipping"":""FREE Shipping."",""sourceURLs"":[""http://www.amazon.com/Certified-Refurbished-Amazon-Previous-Generation/dp/B00DU15MU4""]},{""amountMax"":94.00,""amountMin"":94.00,""currency"":""USD"",""dateAdded"":""2016-02-03T04:11:33Z"",""dateSeen"":[""2016-03-20T00:00:00Z""],""isSale"":""false"",""shipping"":""FREE Shipping."",""sourceURLs"":[""http://www.amazon.com/Certified-Refurbished-Amazon-Previous-Generation/dp/B00DU15MU4"",""http://www.amazon.com/Certified-Refurbished-Amazon-Fire-TV/dp/B00DU15MU4""]},{""amountMax"":12.99,""amountMin"":12.99,""currency"":""USD"",""dateAdded"":""2016-02-03T04:11:33Z"",""dateSeen"":[""2016-03-18T00:00:00Z""],""isSale"":""false"",""sourceURLs"":[""http://www.amazon.com/Certified-Refurbished-Amazon-Previous-Generation/dp/B00DU15MU4""]}]",2014-04-07T00:00:00Z,,,,http://www.amazon.com/Certified-Refurbished-Amazon-Previous-Generation/dp/B00DU15MU4,"I'm your typical middle-aged woman - I don't game, and I'm not super tech-savvy by any means....so take this review for what it is. The Fire TV was easy to install and I'm loving all the features, free movies, music and simple interface - this thing even has a screen saver that comes on when you're listening to music! We've always just had our Comcast cable service without DVR and occasionally used Comcast OnDemand to watch/rent movies - but I'll never watch from Comcast again. The voice recognition software is amazing and brought me to exactly what I was looking for every single time I searched. It's just so easy to find what you're looking for (unlike Comcast), and since I'm an Amazon Prime member most of what I want to view is free - oh and for the new release movies the cost to rent from Amazon is on average cheaper than Comcast OnDemand by a 1 or more. So happy with this purchase!","A review from a non-techie 11,064 people found this helpful. Was this review helpful to you Yes No",,,Mandy,,848719000000.0,
AVpff7_VilAPnD_xc1E_,B00DU15MU4,Amazon,"Categories,Amazon Devices,Streaming Media Players",,2016-02-03T04:11:33Z,2017-08-08T22:03:27Z,,848719000000.0,"848719035551,0848719035551,certifiedrefurbishedamazonfiretvpreviousgeneration1st/b00du15mu4",Amazon,,Certified Refurbished Amazon Fire TV (Previous Generation - 1st),"[{""amountMax"":94.00,""amountMin"":94.00,""condition"":""New"",""currency"":""USD"",""dateAdded"":""2017-08-08T22:03:27Z"",""dateSeen"":[""2017-08-04T07:34:48.337Z"",""2017-07-27T14:42:43.671Z""],""isSale"":""false"",""sourceURLs"":[""https://www.barcodable.com/upc/848719035551""]},{""amountMax"":94.00,""amountMin"":94.00,""currency"":""USD"",""dateAdded"":""2016-02-03T04:11:33Z"",""dateSeen"":[""2016-03-19T00:00:00Z""],""isSale"":""false"",""merchant"":""Amazon.com"",""shipping"":""FREE Shipping."",""sourceURLs"":[""http://www.amazon.com/Certified-Refurbished-Amazon-Previous-Generation/dp/B00DU15MU4""]},{""amountMax"":94.00,""amountMin"":94.00,""currency"":""USD"",""dateAdded"":""2016-02-03T04:11:33Z"",""dateSeen"":[""2016-03-20T00:00:00Z""],""isSale"":""false"",""shipping"":""FREE Shipping."",""sourceURLs"":[""http://www.amazon.com/Certified-Refurbished-Amazon-Previous-Generation/dp/B00DU15MU4"",""http://www.amazon.com/Certified-Refurbished-Amazon-Fire-TV/dp/B00DU15MU4""]},{""amountMax"":12.99,""amountMin"":12.99,""currency"":""USD"",""dateAdded"":""2016-02-03T04:11:33Z"",""dateSeen"":[""2016-03-18T00:00:00Z""],""isSale"":""false"",""sourceURLs"":[""http://www.amazon.com/Certified-Refurbished-Amazon-Previous-Generation/dp/B00DU15MU4""]}]",,,,5.0,http://www.amazon.com/Certified-Refurbished-Amazon-Previous-Generation/dp/B00DU15MU4,"I am not a casual user of on-demand content and devices. Having tried smart tv's from 3 brands, smart dvd/bluray players, Apple TV, WDTV, HTPC, Chromecast and too many other competing products to mention--for streaming content, before this box you really had two options (for a simple to use box that doesn't require additional items or tweaking):First is Apple TV which is easy to use (interface) but Apple limits the content you can get greatly (including no Prime Streaming built in) and it lacks a lot in features as well and is slow. The reason for selecting Apple TV is if you have other apple products that unlock features (like Amazon's content).The second option you could consider was Roku--which really means a Roku 3 box since it is heads and tails better than past Roku boxes in terms of remote and speed. Now Roku stands out with the most content and the most features of any box with the Roku 3. It is for that reason you will see me address the Roku 3 so often in this review.I have added quick summaries of other options to make sure everyone knows about the other options out there.WDTV: Are great for streaming your own content but not very user friendly.Chromecast: Is very cheap at 35 but requires other items to use (no remote included!), is limited to 16 channels according to their own site with other content broadcast via Chrome's browser not at the same quality level. This does allow you to browse the internet on your tv and is amazing for the cost but is more of a niche market than FireTV/Roku/Apple TV. But if you can live with the short comings, it is worth a look at 1/3 the price of these devices.Smart TVs: Most of these are FINE for occasional use but not nearly as pleasant to use daily like separate boxes.Read more","This box is a GAME CHANGER for on demand content! Amazon knocked it out of the park. Refreshed UPDATED with Tips! and HBO GO! 26,764 people found this helpful. Was this review helpful to you Yes No",,,William Hardin,,848719000000.0,
AVpff7_VilAPnD_xc1E_,B00DU15MU4,Amazon,"Categories,Amazon Devices,Streaming Media Players",,2016-02-03T04:11:33Z,2017-08-08T22:03:27Z,,848719000000.0,"848719035551,0848719035551,certifiedrefurbishedamazonfiretvpreviousgeneration1st/b00du15mu4",Amazon,,Certified Refurbished Amazon Fire TV (Previous Generation - 1st),"[{""amountMax"":94.00,""amountMin"":94.00,""condition"":""New"",""currency"":""USD"",""dateAdded"":""2017-08-08T22:03:27Z"",""dateSeen"":[""2017-08-04T07:34:48.337Z"",""2017-07-27T14:42:43.671Z""],""isSale"":""false"",""sourceURLs"":[""https://www.barcodable.com/upc/848719035551""]},{""amountMax"":94.00,""amountMin"":94.00,""currency"":""USD"",""dateAdded"":""2016-02-03T04:11:33Z"",""dateSeen"":[""2016-03-19T00:00:00Z""],""isSale"":""false"",""merchant"":""Amazon.com"",""shipping"":""FREE Shipping."",""sourceURLs"":[""http://www.amazon.com/Certified-Refurbished-Amazon-Previous-Generation/dp/B00DU15MU4""]},{""amountMax"":94.00,""amountMin"":94.00,""currency"":""USD"",""dateAdded"":""2016-02-03T04:11:33Z"",""dateSeen"":[""2016-03-20T00:00:00Z""],""isSale"":""false"",""shipping"":""FREE Shipping."",""sourceURLs"":[""http://www.amazon.com/Certified-Refurbished-Amazon-Previous-Generation/dp/B00DU15MU4"",""http://www.amazon.com/Certified-Refurbished-Amazon-Fire-TV/dp/B00DU15MU4""]},{""amountMax"":12.99,""amountMin"":12.99,""currency"":""USD"",""dateAdded"":""2016-02-03T04:11:33Z"",""dateSeen"":[""2016-03-18T00:00:00Z""],""isSale"":""false"",""sourceURLs"":[""http://www.amazon.com/Certified-Refurbished-Amazon-Previous-Generation/dp/B00DU15MU4""]}]",2014-04-03T00:00:00Z,,,4.0,http://www.amazon.com/Certified-Refurbished-Amazon-Previous-Generation/dp/B00DU15MU4,"Having received my Fire TV today, I've been trying it out for the past couple of hours.Setup was a no brainer. It required an update immediately so it did take about 15 minutes to have it in action but the process was very simple.The image quality (movies and games) is excellent. I've tried several movies from Amazon Prime and they look and sound nearly Blu Ray quality as far as I can tell.Navigation is very straightforward and it's generally easy to find anything you're looking for. Installation of games and apps goes very smoothly and generally pretty quickly.The remote works very well. I haven't played with the voice search feature much yet, but when I have tried it, it worked well. The buttons on the remote are well thought out and I prefer it to the Apple TV remote.I only have one gripe. As far as I can tell, there's no way to limit the list of movies and tv shows to what is available for Amazon Prime members. This makes it very inconvenient to find things that are free to watch. There are some categories that are limited to Prime (Most Popular on Prime, For Kids on Prime) I want to be able to just see what's available for Prime or at least be able to see by category what's available for Prime. I'm sure this isn't an oversight. I suspect Amazon wants to force us to look at everything and be tempted to buy/rent things but if they really want to compete with Netflix, they'll understand that we pay for our Prime membership to be able to watch free movies conveniently. A workaround is to do your searching on the web and then search specifically on the device.Perhaps I just haven't found the way to search for Prime available content. I hope that's the case or I will really be disappointed.Read more","Works great with one critical flaw. (significantly improved) 7,380 people found this helpful. Was this review helpful to you Yes No",,,Gregory P. Baker,,848719000000.0,
AVpff7_VilAPnD_xc1E_,B00DU15MU4,Amazon,"Categories,Amazon Devices,Streaming Media Players",,2016-02-03T04:11:33Z,2017-08-08T22:03:27Z,,848719000000.0,"848719035551,0848719035551,certifiedrefurbishedamazonfiretvpreviousgeneration1st/b00du15mu4",Amazon,,Certified Refurbished Amazon Fire TV (Previous Generation - 1st),"[{""amountMax"":94.00,""amountMin"":94.00,""condition"":""New"",""currency"":""USD"",""dateAdded"":""2017-08-08T22:03:27Z"",""dateSeen"":[""2017-08-04T07:34:48.337Z"",""2017-07-27T14:42:43.671Z""],""isSale"":""false"",""sourceURLs"":[""https://www.barcodable.com/upc/848719035551""]},{""amountMax"":94.00,""amountMin"":94.00,""currency"":""USD"",""dateAdded"":""2016-02-03T04:11:33Z"",""dateSeen"":[""2016-03-19T00:00:00Z""],""isSale"":""false"",""merchant"":""Amazon.com"",""shipping"":""FREE Shipping."",""sourceURLs"":[""http://www.amazon.com/Certified-Refurbished-Amazon-Previous-Generation/dp/B00DU15MU4""]},{""amountMax"":94.00,""amountMin"":94.00,""currency"":""USD"",""dateAdded"":""2016-02-03T04:11:33Z"",""dateSeen"":[""2016-03-20T00:00:00Z""],""isSale"":""false"",""shipping"":""FREE Shipping."",""sourceURLs"":[""http://www.amazon.com/Certified-Refurbished-Amazon-Previous-Generation/dp/B00DU15MU4"",""http://www.amazon.com/Certified-Refurbished-Amazon-Fire-TV/dp/B00DU15MU4""]},{""amountMax"":12.99,""amountMin"":12.99,""currency"":""USD"",""dateAdded"":""2016-02-03T04:11:33Z"",""dateSeen"":[""2016-03-18T00:00:00Z""],""isSale"":""false"",""sourceURLs"":[""http://www.amazon.com/Certified-Refurbished-Amazon-Previous-Generation/dp/B00DU15MU4""]}]",2014-04-07T00:00:00Z,,,,http://www.amazon.com/Certified-Refurbished-Amazon-Previous-Generation/dp/B00DU15MU4,"I'm your typical middle-aged woman - I don't game, and I'm not super tech-savvy by any means....so take this review for what it is. The Fire TV was easy to install and I'm loving all the features, free movies, music and simple interface - this thing even has a screen saver that comes on when you're listening to music! We've always just had our Comcast cable service without DVR and occasionally used Comcast OnDemand to watch/rent movies - but I'll never watch from Comcast again. The voice recognition software is amazing and brought me to exactly what I was looking for every single time I searched. It's just so easy to find what you're looking for (unlike Comcast), and since I'm an Amazon Prime member most of what I want to view is free - oh and for the new release movies the cost to rent from Amazon is on average cheaper than Comcast OnDemand by a 1 or more. So happy with this purchase!","A review from a non-techie 11,061 people found this helpful. Was this review helpful to you Yes No",,,Mandy,,848719000000.0,
AVpff7_VilAPnD_xc1E_,B00DU15MU4,Amazon,"Categories,Amazon Devices,Streaming Media Players",,2016-02-03T04:11:33Z,2017-08-08T22:03:27Z,,848719000000.0,"848719035551,0848719035551,certifiedrefurbishedamazonfiretvpreviousgeneration1st/b00du15mu4",Amazon,,Certified Refurbished Amazon Fire TV (Previous Generation - 1st),"[{""amountMax"":94.00,""amountMin"":94.00,""condition"":""New"",""currency"":""USD"",""dateAdded"":""2017-08-08T22:03:27Z"",""dateSeen"":[""2017-08-04T07:34:48.337Z"",""2017-07-27T14:42:43.671Z""],""isSale"":""false"",""sourceURLs"":[""https://www.barcodable.com/upc/848719035551""]},{""amountMax"":94.00,""amountMin"":94.00,""currency"":""USD"",""dateAdded"":""2016-02-03T04:11:33Z"",""dateSeen"":[""2016-03-19T00:00:00Z""],""isSale"":""false"",""merchant"":""Amazon.com"",""shipping"":""FREE Shipping."",""sourceURLs"":[""http://www.amazon.com/Certified-Refurbished-Amazon-Previous-Generation/dp/B00DU15MU4""]},{""amountMax"":94.00,""amountMin"":94.00,""currency"":""USD"",""dateAdded"":""2016-02-03T04:11:33Z"",""dateSeen"":[""2016-03-20T00:00:00Z""],""isSale"":""false"",""shipping"":""FREE Shipping."",""sourceURLs"":[""http://www.amazon.com/Certified-Refurbished-Amazon-Previous-Generation/dp/B00DU15MU4"",""http://www.amazon.com/Certified-Refurbished-Amazon-Fire-TV/dp/B00DU15MU4""]},{""amountMax"":12.99,""amountMin"":12.99,""currency"":""USD"",""dateAdded"":""2016-02-03T04:11:33Z"",""dateSeen"":[""2016-03-18T00:00:00Z""],""isSale"":""false"",""sourceURLs"":[""http://www.amazon.com/Certified-Refurbished-Amazon-Previous-Generation/dp/B00DU15MU4""]}]",2014-04-07T00:00:00Z,,,5.0,http://www.amazon.com/Certified-Refurbished-Amazon-Previous-Generation/dp/B00DU15MU4,"I'm your typical middle-aged woman - I don't game, and I'm not super tech-savvy by any means....so take this review for what it is. The Fire TV was easy to install and I'm loving all the features, free movies, music and simple interface - this thing even has a screen saver that comes on when you're listening to music! We've always just had our Comcast cable service without DVR and occasionally used Comcast OnDemand to watch/rent movies - but I'll never watch from Comcast again. The voice recognition software is amazing and brought me to exactly what I was looking for every single time I searched. It's just so easy to find what you're looking for (unlike Comcast), and since I'm an Amazon Prime member most of what I want to view is free - oh and for the new release movies the cost to rent from Amazon is on average cheaper than Comcast OnDemand by a 1 or more. So happy with this purchase!","A review from a non-techie 11,064 people found this helpful. Was this review helpful to you Yes No",,,Mandy,,848719000000.0,
AVpff7_VilAPnD_xc1E_,B00DU15MU4,Amazon,"Categories,Amazon Devices,Streaming Media Players",,2016-02-03T04:11:33Z,2017-08-08T22:03:27Z,,848719000000.0,"848719035551,0848719035551,certifiedrefurbishedamazonfiretvpreviousgeneration1st/b00du15mu4",Amazon,,Certified Refurbished Amazon Fire TV (Previous Generation - 1st),"[{""amountMax"":94.00,""amountMin"":94.00,""condition"":""New"",""currency"":""USD"",""dateAdded"":""2017-08-08T22:03:27Z"",""dateSeen"":[""2017-08-04T07:34:48.337Z"",""2017-07-27T14:42:43.671Z""],""isSale"":""false"",""sourceURLs"":[""https://www.barcodable.com/upc/848719035551""]},{""amountMax"":94.00,""amountMin"":94.00,""currency"":""USD"",""dateAdded"":""2016-02-03T04:11:33Z"",""dateSeen"":[""2016-03-19T00:00:00Z""],""isSale"":""false"",""merchant"":""Amazon.com"",""shipping"":""FREE Shipping."",""sourceURLs"":[""http://www.amazon.com/Certified-Refurbished-Amazon-Previous-Generation/dp/B00DU15MU4""]},{""amountMax"":94.00,""amountMin"":94.00,""currency"":""USD"",""dateAdded"":""2016-02-03T04:11:33Z"",""dateSeen"":[""2016-03-20T00:00:00Z""],""isSale"":""false"",""shipping"":""FREE Shipping."",""sourceURLs"":[""http://www.amazon.com/Certified-Refurbished-Amazon-Previous-Generation/dp/B00DU15MU4"",""http://www.amazon.com/Certified-Refurbished-Amazon-Fire-TV/dp/B00DU15MU4""]},{""amountMax"":12.99,""amountMin"":12.99,""currency"":""USD"",""dateAdded"":""2016-02-03T04:11:33Z"",""dateSeen"":[""2016-03-18T00:00:00Z""],""isSale"":""false"",""sourceURLs"":[""http://www.amazon.com/Certified-Refurbished-Amazon-Previous-Generation/dp/B00DU15MU4""]}]",2014-04-06T00:00:00Z,,,,http://www.amazon.com/Certified-Refurbished-Amazon-Previous-Generation/dp/B00DU15MU4,"An Amazon.com official commented on this review(What's this) The Amazon team saysJuly 30, 2014Hi Dallas, thank you for sharing your feedback. We wanted to let you know that we made it easier to find your favorite Prime content with the click of your remote. You can now browse many more Prime-only categories, including Top Prime TV, Top Prime Movies, Prime TV for Kids, Prime Movies for Kids, Prime TV by Genre, and Prime Movies by Genre.","I like it Amazon...But this is IMPORTANT 5,860 people found this helpful. Was this review helpful to you Yes No An Amazon.com official commented on this review",,,Dallas,,848719000000.0,
AVpff7_VilAPnD_xc1E_,B00DU15MU4,Amazon,"Categories,Amazon Devices,Streaming Media Players",,2016-02-03T04:11:33Z,2017-08-08T22:03:27Z,,848719000000.0,"848719035551,0848719035551,certifiedrefurbishedamazonfiretvpreviousgeneration1st/b00du15mu4",Amazon,,Certified Refurbished Amazon Fire TV (Previous Generation - 1st),"[{""amountMax"":94.00,""amountMin"":94.00,""condition"":""New"",""currency"":""USD"",""dateAdded"":""2017-08-08T22:03:27Z"",""dateSeen"":[""2017-08-04T07:34:48.337Z"",""2017-07-27T14:42:43.671Z""],""isSale"":""false"",""sourceURLs"":[""https://www.barcodable.com/upc/848719035551""]},{""amountMax"":94.00,""amountMin"":94.00,""currency"":""USD"",""dateAdded"":""2016-02-03T04:11:33Z"",""dateSeen"":[""2016-03-19T00:00:00Z""],""isSale"":""false"",""merchant"":""Amazon.com"",""shipping"":""FREE Shipping."",""sourceURLs"":[""http://www.amazon.com/Certified-Refurbished-Amazon-Previous-Generation/dp/B00DU15MU4""]},{""amountMax"":94.00,""amountMin"":94.00,""currency"":""USD"",""dateAdded"":""2016-02-03T04:11:33Z"",""dateSeen"":[""2016-03-20T00:00:00Z""],""isSale"":""false"",""shipping"":""FREE Shipping."",""sourceURLs"":[""http://www.amazon.com/Certified-Refurbished-Amazon-Previous-Generation/dp/B00DU15MU4"",""http://www.amazon.com/Certified-Refurbished-Amazon-Fire-TV/dp/B00DU15MU4""]},{""amountMax"":12.99,""amountMin"":12.99,""currency"":""USD"",""dateAdded"":""2016-02-03T04:11:33Z"",""dateSeen"":[""2016-03-18T00:00:00Z""],""isSale"":""false"",""sourceURLs"":[""http://www.amazon.com/Certified-Refurbished-Amazon-Previous-Generation/dp/B00DU15MU4""]}]",,,,,http://www.amazon.com/Certified-Refurbished-Amazon-Previous-Generation/dp/B00DU15MU4,"I am not a casual user of on-demand content and devices. Having tried smart tv's from 3 brands, smart dvd/bluray players, Apple TV, WDTV, HTPC, Chromecast and too many other competing products to mention--for streaming content, before this box you really had two options (for a simple to use box that doesn't require additional items or tweaking):First is Apple TV which is easy to use (interface) but Apple limits the content you can get greatly (including no Prime Streaming built in) and it lacks a lot in features as well and is slow. The reason for selecting Apple TV is if you have other apple products that unlock features (like Amazon's content).The second option you could consider was Roku--which really means a Roku 3 box since it is heads and tails better than past Roku boxes in terms of remote and speed. Now Roku stands out with the most content and the most features of any box with the Roku 3. It is for that reason you will see me address the Roku 3 so often in this review.I have added quick summaries of other options to make sure everyone knows about the other options out there.WDTV: Are great for streaming your own content but not very user friendly.Chromecast: Is very cheap at 35 but requires other items to use (no remote included!), is limited to 16 channels according to their own site with other content broadcast via Chrome's browser not at the same quality level. This does allow you to browse the internet on your tv and is amazing for the cost but is more of a niche market than FireTV/Roku/Apple TV. But if you can live with the short comings, it is worth a look at 1/3 the price of these devices.Smart TVs: Most of these are FINE for occasional use but not nearly as pleasant to use daily like separate boxes.Read more","This box is a GAME CHANGER for on demand content! Amazon knocked it out of the park. Refreshed UPDATED with Tips! and HBO GO! 26,757 people found this helpful. Was this review helpful to you Yes No",,,William Hardin,,848719000000.0,
AVpff7_VilAPnD_xc1E_,B00DU15MU4,Amazon,"Categories,Amazon Devices,Streaming Media Players",,2016-02-03T04:11:33Z,2017-08-08T22:03:27Z,,848719000000.0,"848719035551,0848719035551,certifiedrefurbishedamazonfiretvpreviousgeneration1st/b00du15mu4",Amazon,,Certified Refurbished Amazon Fire TV (Previous Generation - 1st),"[{""amountMax"":94.00,""amountMin"":94.00,""condition"":""New"",""currency"":""USD"",""dateAdded"":""2017-08-08T22:03:27Z"",""dateSeen"":[""2017-08-04T07:34:48.337Z"",""2017-07-27T14:42:43.671Z""],""isSale"":""false"",""sourceURLs"":[""https://www.barcodable.com/upc/848719035551""]},{""amountMax"":94.00,""amountMin"":94.00,""currency"":""USD"",""dateAdded"":""2016-02-03T04:11:33Z"",""dateSeen"":[""2016-03-19T00:00:00Z""],""isSale"":""false"",""merchant"":""Amazon.com"",""shipping"":""FREE Shipping."",""sourceURLs"":[""http://www.amazon.com/Certified-Refurbished-Amazon-Previous-Generation/dp/B00DU15MU4""]},{""amountMax"":94.00,""amountMin"":94.00,""currency"":""USD"",""dateAdded"":""2016-02-03T04:11:33Z"",""dateSeen"":[""2016-03-20T00:00:00Z""],""isSale"":""false"",""shipping"":""FREE Shipping."",""sourceURLs"":[""http://www.amazon.com/Certified-Refurbished-Amazon-Previous-Generation/dp/B00DU15MU4"",""http://www.amazon.com/Certified-Refurbished-Amazon-Fire-TV/dp/B00DU15MU4""]},{""amountMax"":12.99,""amountMin"":12.99,""currency"":""USD"",""dateAdded"":""2016-02-03T04:11:33Z"",""dateSeen"":[""2016-03-18T00:00:00Z""],""isSale"":""false"",""sourceURLs"":[""http://www.amazon.com/Certified-Refurbished-Amazon-Previous-Generation/dp/B00DU15MU4""]}]",,,,,http://www.amazon.com/Certified-Refurbished-Amazon-Previous-Generation/dp/B00DU15MU4,"I am not a casual user of on-demand content and devices. Having tried smart tv's from 3 brands, smart dvd/bluray players, Apple TV, WDTV, HTPC, Chromecast and too many other competing products to mention--for streaming content, before this box you really had two options (for a simple to use box that doesn't require additional items or tweaking):First is Apple TV which is easy to use (interface) but Apple limits the content you can get greatly (including no Prime Streaming built in) and it lacks a lot in features as well and is slow. The reason for selecting Apple TV is if you have other apple products that unlock features (like Amazon's content).The second option you could consider was Roku--which really means a Roku 3 box since it is heads and tails better than past Roku boxes in terms of remote and speed. Now Roku stands out with the most content and the most features of any box with the Roku 3. It is for that reason you will see me address the Roku 3 so often in this review.I have added quick summaries of other options to make sure everyone knows about the other options out there.WDTV: Are great for streaming your own content but not very user friendly.Chromecast: Is very cheap at 35 but requires other items to use (no remote included!), is limited to 16 channels according to their own site with other content broadcast via Chrome's browser not at the same quality level. This does allow you to browse the internet on your tv and is amazing for the cost but is more of a niche market than FireTV/Roku/Apple TV. But if you can live with the short comings, it is worth a look at 1/3 the price of these devices.Smart TVs: Most of these are FINE for occasional use but not nearly as pleasant to use daily like separate boxes.Read more","This box is a GAME CHANGER for on demand content! Amazon knocked it out of the park. Refreshed UPDATED with Tips! and HBO GO! 26,754 people found this helpful. Was this review helpful to you Yes No",,,William Hardin,,848719000000.0,
AVpff7_VilAPnD_xc1E_,B00DU15MU4,Amazon,"Categories,Amazon Devices,Streaming Media Players",,2016-02-03T04:11:33Z,2017-08-08T22:03:27Z,,848719000000.0,"848719035551,0848719035551,certifiedrefurbishedamazonfiretvpreviousgeneration1st/b00du15mu4",Amazon,,Certified Refurbished Amazon Fire TV (Previous Generation - 1st),"[{""amountMax"":94.00,""amountMin"":94.00,""condition"":""New"",""currency"":""USD"",""dateAdded"":""2017-08-08T22:03:27Z"",""dateSeen"":[""2017-08-04T07:34:48.337Z"",""2017-07-27T14:42:43.671Z""],""isSale"":""false"",""sourceURLs"":[""https://www.barcodable.com/upc/848719035551""]},{""amountMax"":94.00,""amountMin"":94.00,""currency"":""USD"",""dateAdded"":""2016-02-03T04:11:33Z"",""dateSeen"":[""2016-03-19T00:00:00Z""],""isSale"":""false"",""merchant"":""Amazon.com"",""shipping"":""FREE Shipping."",""sourceURLs"":[""http://www.amazon.com/Certified-Refurbished-Amazon-Previous-Generation/dp/B00DU15MU4""]},{""amountMax"":94.00,""amountMin"":94.00,""currency"":""USD"",""dateAdded"":""2016-02-03T04:11:33Z"",""dateSeen"":[""2016-03-20T00:00:00Z""],""isSale"":""false"",""shipping"":""FREE Shipping."",""sourceURLs"":[""http://www.amazon.com/Certified-Refurbished-Amazon-Previous-Generation/dp/B00DU15MU4"",""http://www.amazon.com/Certified-Refurbished-Amazon-Fire-TV/dp/B00DU15MU4""]},{""amountMax"":12.99,""amountMin"":12.99,""currency"":""USD"",""dateAdded"":""2016-02-03T04:11:33Z"",""dateSeen"":[""2016-03-18T00:00:00Z""],""isSale"":""false"",""sourceURLs"":[""http://www.amazon.com/Certified-Refurbished-Amazon-Previous-Generation/dp/B00DU15MU4""]}]",,,,5.0,http://www.amazon.com/Certified-Refurbished-Amazon-Previous-Generation/dp/B00DU15MU4,"I am not a casual user of on-demand content and devices. Having tried smart tv's from 3 brands, smart dvd/bluray players, Apple TV, WDTV, HTPC, Chromecast and too many other competing products to mention--for streaming content, before this box you really had two options (for a simple to use box that doesn't require additional items or tweaking):First is Apple TV which is easy to use (interface) but Apple limits the content you can get greatly (including no Prime Streaming built in) and it lacks a lot in features as well and is slow. The reason for selecting Apple TV is if you have other apple products that unlock features (like Amazon's content).The second option you could consider was Roku--which really means a Roku 3 box since it is heads and tails better than past Roku boxes in terms of remote and speed. Now Roku stands out with the most content and the most features of any box with the Roku 3. It is for that reason you will see me address the Roku 3 so often in this review.I have added quick summaries of other options to make sure everyone knows about the other options out there.WDTV: Are great for streaming your own content but not very user friendly.Chromecast: Is very cheap at 35 but requires other items to use (no remote included!), is limited to 16 channels according to their own site with other content broadcast via Chrome's browser not at the same quality level. This does allow you to browse the internet on your tv and is amazing for the cost but is more of a niche market than FireTV/Roku/Apple TV. But if you can live with the short comings, it is worth a look at 1/3 the price of these devices.Smart TVs: Most of these are FINE for occasional use but not nearly as pleasant to use daily like separate boxes.Read more","This box is a GAME CHANGER for on demand content! Amazon knocked it out of the park. Refreshed UPDATED with Tips! and HBO GO! 26,760 people found this helpful. Was this review helpful to you Yes No",,,William Hardin,,848719000000.0,
AVpff7_VilAPnD_xc1E_,B00DU15MU4,Amazon,"Categories,Amazon Devices,Streaming Media Players",,2016-02-03T04:11:33Z,2017-08-08T22:03:27Z,,848719000000.0,"848719035551,0848719035551,certifiedrefurbishedamazonfiretvpreviousgeneration1st/b00du15mu4",Amazon,,Certified Refurbished Amazon Fire TV (Previous Generation - 1st),"[{""amountMax"":94.00,""amountMin"":94.00,""condition"":""New"",""currency"":""USD"",""dateAdded"":""2017-08-08T22:03:27Z"",""dateSeen"":[""2017-08-04T07:34:48.337Z"",""2017-07-27T14:42:43.671Z""],""isSale"":""false"",""sourceURLs"":[""https://www.barcodable.com/upc/848719035551""]},{""amountMax"":94.00,""amountMin"":94.00,""currency"":""USD"",""dateAdded"":""2016-02-03T04:11:33Z"",""dateSeen"":[""2016-03-19T00:00:00Z""],""isSale"":""false"",""merchant"":""Amazon.com"",""shipping"":""FREE Shipping."",""sourceURLs"":[""http://www.amazon.com/Certified-Refurbished-Amazon-Previous-Generation/dp/B00DU15MU4""]},{""amountMax"":94.00,""amountMin"":94.00,""currency"":""USD"",""dateAdded"":""2016-02-03T04:11:33Z"",""dateSeen"":[""2016-03-20T00:00:00Z""],""isSale"":""false"",""shipping"":""FREE Shipping."",""sourceURLs"":[""http://www.amazon.com/Certified-Refurbished-Amazon-Previous-Generation/dp/B00DU15MU4"",""http://www.amazon.com/Certified-Refurbished-Amazon-Fire-TV/dp/B00DU15MU4""]},{""amountMax"":12.99,""amountMin"":12.99,""currency"":""USD"",""dateAdded"":""2016-02-03T04:11:33Z"",""dateSeen"":[""2016-03-18T00:00:00Z""],""isSale"":""false"",""sourceURLs"":[""http://www.amazon.com/Certified-Refurbished-Amazon-Previous-Generation/dp/B00DU15MU4""]}]",2014-04-06T00:00:00Z,,,4.0,http://www.amazon.com/Certified-Refurbished-Amazon-Previous-Generation/dp/B00DU15MU4,"An Amazon.com official commented on this review(What's this) The Amazon team saysJuly 30, 2014Hi Dallas, thank you for sharing your feedback. We wanted to let you know that we made it easier to find your favorite Prime content with the click of your remote. You can now browse many more Prime-only categories, including Top Prime TV, Top Prime Movies, Prime TV for Kids, Prime Movies for Kids, Prime TV by Genre, and Prime Movies by Genre.","I like it Amazon...But this is IMPORTANT 5,863 people found this helpful. Was this review helpful to you Yes No An Amazon.com official commented on this review",,,Dallas,,848719000000.0,
AVpff7_VilAPnD_xc1E_,B00DU15MU4,Amazon,"Categories,Amazon Devices,Streaming Media Players",,2016-02-03T04:11:33Z,2017-08-08T22:03:27Z,,848719000000.0,"848719035551,0848719035551,certifiedrefurbishedamazonfiretvpreviousgeneration1st/b00du15mu4",Amazon,,Certified Refurbished Amazon Fire TV (Previous Generation - 1st),"[{""amountMax"":94.00,""amountMin"":94.00,""condition"":""New"",""currency"":""USD"",""dateAdded"":""2017-08-08T22:03:27Z"",""dateSeen"":[""2017-08-04T07:34:48.337Z"",""2017-07-27T14:42:43.671Z""],""isSale"":""false"",""sourceURLs"":[""https://www.barcodable.com/upc/848719035551""]},{""amountMax"":94.00,""amountMin"":94.00,""currency"":""USD"",""dateAdded"":""2016-02-03T04:11:33Z"",""dateSeen"":[""2016-03-19T00:00:00Z""],""isSale"":""false"",""merchant"":""Amazon.com"",""shipping"":""FREE Shipping."",""sourceURLs"":[""http://www.amazon.com/Certified-Refurbished-Amazon-Previous-Generation/dp/B00DU15MU4""]},{""amountMax"":94.00,""amountMin"":94.00,""currency"":""USD"",""dateAdded"":""2016-02-03T04:11:33Z"",""dateSeen"":[""2016-03-20T00:00:00Z""],""isSale"":""false"",""shipping"":""FREE Shipping."",""sourceURLs"":[""http://www.amazon.com/Certified-Refurbished-Amazon-Previous-Generation/dp/B00DU15MU4"",""http://www.amazon.com/Certified-Refurbished-Amazon-Fire-TV/dp/B00DU15MU4""]},{""amountMax"":12.99,""amountMin"":12.99,""currency"":""USD"",""dateAdded"":""2016-02-03T04:11:33Z"",""dateSeen"":[""2016-03-18T00:00:00Z""],""isSale"":""false"",""sourceURLs"":[""http://www.amazon.com/Certified-Refurbished-Amazon-Previous-Generation/dp/B00DU15MU4""]}]",2014-04-03T00:00:00Z,,,,http://www.amazon.com/Certified-Refurbished-Amazon-Previous-Generation/dp/B00DU15MU4,"Having received my Fire TV today, I've been trying it out for the past couple of hours.Setup was a no brainer. It required an update immediately so it did take about 15 minutes to have it in action but the process was very simple.The image quality (movies and games) is excellent. I've tried several movies from Amazon Prime and they look and sound nearly Blu Ray quality as far as I can tell.Navigation is very straightforward and it's generally easy to find anything you're looking for. Installation of games and apps goes very smoothly and generally pretty quickly.The remote works very well. I haven't played with the voice search feature much yet, but when I have tried it, it worked well. The buttons on the remote are well thought out and I prefer it to the Apple TV remote.I only have one gripe. As far as I can tell, there's no way to limit the list of movies and tv shows to what is available for Amazon Prime members. This makes it very inconvenient to find things that are free to watch. There are some categories that are limited to Prime (Most Popular on Prime, For Kids on Prime) I want to be able to just see what's available for Prime or at least be able to see by category what's available for Prime. I'm sure this isn't an oversight. I suspect Amazon wants to force us to look at everything and be tempted to buy/rent things but if they really want to compete with Netflix, they'll understand that we pay for our Prime membership to be able to watch free movies conveniently. A workaround is to do your searching on the web and then search specifically on the device.Perhaps I just haven't found the way to search for Prime available content. I hope that's the case or I will really be disappointed.Read more","Works great with one critical flaw. (significantly improved) 7,379 people found this helpful. Was this review helpful to you Yes No",,,Gregory P. Baker,,848719000000.0,
AVpff7_VilAPnD_xc1E_,B00DU15MU4,Amazon,"Categories,Amazon Devices,Streaming Media Players",,2016-02-03T04:11:33Z,2017-08-08T22:03:27Z,,848719000000.0,"848719035551,0848719035551,certifiedrefurbishedamazonfiretvpreviousgeneration1st/b00du15mu4",Amazon,,Certified Refurbished Amazon Fire TV (Previous Generation - 1st),"[{""amountMax"":94.00,""amountMin"":94.00,""condition"":""New"",""currency"":""USD"",""dateAdded"":""2017-08-08T22:03:27Z"",""dateSeen"":[""2017-08-04T07:34:48.337Z"",""2017-07-27T14:42:43.671Z""],""isSale"":""false"",""sourceURLs"":[""https://www.barcodable.com/upc/848719035551""]},{""amountMax"":94.00,""amountMin"":94.00,""currency"":""USD"",""dateAdded"":""2016-02-03T04:11:33Z"",""dateSeen"":[""2016-03-19T00:00:00Z""],""isSale"":""false"",""merchant"":""Amazon.com"",""shipping"":""FREE Shipping."",""sourceURLs"":[""http://www.amazon.com/Certified-Refurbished-Amazon-Previous-Generation/dp/B00DU15MU4""]},{""amountMax"":94.00,""amountMin"":94.00,""currency"":""USD"",""dateAdded"":""2016-02-03T04:11:33Z"",""dateSeen"":[""2016-03-20T00:00:00Z""],""isSale"":""false"",""shipping"":""FREE Shipping."",""sourceURLs"":[""http://www.amazon.com/Certified-Refurbished-Amazon-Previous-Generation/dp/B00DU15MU4"",""http://www.amazon.com/Certified-Refurbished-Amazon-Fire-TV/dp/B00DU15MU4""]},{""amountMax"":12.99,""amountMin"":12.99,""currency"":""USD"",""dateAdded"":""2016-02-03T04:11:33Z"",""dateSeen"":[""2016-03-18T00:00:00Z""],""isSale"":""false"",""sourceURLs"":[""http://www.amazon.com/Certified-Refurbished-Amazon-Previous-Generation/dp/B00DU15MU4""]}]",,,,,http://www.amazon.com/Certified-Refurbished-Amazon-Fire-TV/dp/B00DU15MU4,"I am not a casual user of on-demand content and devices. Having tried smart tv's from 3 brands, smart dvd/bluray players, Apple TV, WDTV, HTPC, Chromecast and too many other competing products to mention--for streaming content, before this box you really had two options (for a simple to use box that doesn't require additional items or tweaking):First is Apple TV which is easy to use (interface) but Apple limits the content you can get greatly (including no Prime Streaming built in) and it lacks a lot in features as well and is slow. The reason for selecting Apple TV is if you have other apple products that unlock features (like Amazon's content).The second option you could consider was Roku--which really means a Roku 3 box since it is heads and tails better than past Roku boxes in terms of remote and speed. Now Roku stands out with the most content and the most features of any box with the Roku 3. It is for that reason you will see me address the Roku 3 so often in this review.I have added quick summaries of other options to make sure everyone knows about the other options out there.WDTV: Are great for streaming your own content but not very user friendly.Chromecast: Is very cheap at 35 but requires other items to use (no remote included!), is limited to 16 channels according to their own site with other content broadcast via Chrome's browser not at the same quality level. This does allow you to browse the internet on your tv and is amazing for the cost but is more of a niche market than FireTV/Roku/Apple TV. But if you can live with the short comings, it is worth a look at 1/3 the price of these devices.Smart TVs: Most of these are FINE for occasional use but not nearly as pleasant to use daily like separate boxes.Read more",This box is a GAME CHANGER for on demand content! Amazon knocked it out of the park. Refreshed UPDATED with Tips! and HBO GO!,,,William Hardin,,848719000000.0,
AVpff7_VilAPnD_xc1E_,B00DU15MU4,Amazon,"Categories,Amazon Devices,Streaming Media Players",,2016-02-03T04:11:33Z,2017-08-08T22:03:27Z,,848719000000.0,"848719035551,0848719035551,certifiedrefurbishedamazonfiretvpreviousgeneration1st/b00du15mu4",Amazon,,Certified Refurbished Amazon Fire TV (Previous Generation - 1st),"[{""amountMax"":94.00,""amountMin"":94.00,""condition"":""New"",""currency"":""USD"",""dateAdded"":""2017-08-08T22:03:27Z"",""dateSeen"":[""2017-08-04T07:34:48.337Z"",""2017-07-27T14:42:43.671Z""],""isSale"":""false"",""sourceURLs"":[""https://www.barcodable.com/upc/848719035551""]},{""amountMax"":94.00,""amountMin"":94.00,""currency"":""USD"",""dateAdded"":""2016-02-03T04:11:33Z"",""dateSeen"":[""2016-03-19T00:00:00Z""],""isSale"":""false"",""merchant"":""Amazon.com"",""shipping"":""FREE Shipping."",""sourceURLs"":[""http://www.amazon.com/Certified-Refurbished-Amazon-Previous-Generation/dp/B00DU15MU4""]},{""amountMax"":94.00,""amountMin"":94.00,""currency"":""USD"",""dateAdded"":""2016-02-03T04:11:33Z"",""dateSeen"":[""2016-03-20T00:00:00Z""],""isSale"":""false"",""shipping"":""FREE Shipping."",""sourceURLs"":[""http://www.amazon.com/Certified-Refurbished-Amazon-Previous-Generation/dp/B00DU15MU4"",""http://www.amazon.com/Certified-Refurbished-Amazon-Fire-TV/dp/B00DU15MU4""]},{""amountMax"":12.99,""amountMin"":12.99,""currency"":""USD"",""dateAdded"":""2016-02-03T04:11:33Z"",""dateSeen"":[""2016-03-18T00:00:00Z""],""isSale"":""false"",""sourceURLs"":[""http://www.amazon.com/Certified-Refurbished-Amazon-Previous-Generation/dp/B00DU15MU4""]}]",2014-04-07T00:00:00Z,,,,http://www.amazon.com/Certified-Refurbished-Amazon-Previous-Generation/dp/B00DU15MU4,"I'm your typical middle-aged woman - I don't game, and I'm not super tech-savvy by any means....so take this review for what it is. The Fire TV was easy to install and I'm loving all the features, free movies, music and simple interface - this thing even has a screen saver that comes on when you're listening to music! We've always just had our Comcast cable service without DVR and occasionally used Comcast OnDemand to watch/rent movies - but I'll never watch from Comcast again. The voice recognition software is amazing and brought me to exactly what I was looking for every single time I searched. It's just so easy to find what you're looking for (unlike Comcast), and since I'm an Amazon Prime member most of what I want to view is free - oh and for the new release movies the cost to rent from Amazon is on average cheaper than Comcast OnDemand by a 1 or more. So happy with this purchase!","A review from a non-techie 11,058 people found this helpful. Was this review helpful to you Yes No",,,Mandy,,848719000000.0,
AVpff7_VilAPnD_xc1E_,B00DU15MU4,Amazon,"Categories,Amazon Devices,Streaming Media Players",,2016-02-03T04:11:33Z,2017-08-08T22:03:27Z,,848719000000.0,"848719035551,0848719035551,certifiedrefurbishedamazonfiretvpreviousgeneration1st/b00du15mu4",Amazon,,Certified Refurbished Amazon Fire TV (Previous Generation - 1st),"[{""amountMax"":94.00,""amountMin"":94.00,""condition"":""New"",""currency"":""USD"",""dateAdded"":""2017-08-08T22:03:27Z"",""dateSeen"":[""2017-08-04T07:34:48.337Z"",""2017-07-27T14:42:43.671Z""],""isSale"":""false"",""sourceURLs"":[""https://www.barcodable.com/upc/848719035551""]},{""amountMax"":94.00,""amountMin"":94.00,""currency"":""USD"",""dateAdded"":""2016-02-03T04:11:33Z"",""dateSeen"":[""2016-03-19T00:00:00Z""],""isSale"":""false"",""merchant"":""Amazon.com"",""shipping"":""FREE Shipping."",""sourceURLs"":[""http://www.amazon.com/Certified-Refurbished-Amazon-Previous-Generation/dp/B00DU15MU4""]},{""amountMax"":94.00,""amountMin"":94.00,""currency"":""USD"",""dateAdded"":""2016-02-03T04:11:33Z"",""dateSeen"":[""2016-03-20T00:00:00Z""],""isSale"":""false"",""shipping"":""FREE Shipping."",""sourceURLs"":[""http://www.amazon.com/Certified-Refurbished-Amazon-Previous-Generation/dp/B00DU15MU4"",""http://www.amazon.com/Certified-Refurbished-Amazon-Fire-TV/dp/B00DU15MU4""]},{""amountMax"":12.99,""amountMin"":12.99,""currency"":""USD"",""dateAdded"":""2016-02-03T04:11:33Z"",""dateSeen"":[""2016-03-18T00:00:00Z""],""isSale"":""false"",""sourceURLs"":[""http://www.amazon.com/Certified-Refurbished-Amazon-Previous-Generation/dp/B00DU15MU4""]}]",,,,,http://www.amazon.com/Certified-Refurbished-Amazon-Previous-Generation/dp/B00DU15MU4,"I am not a casual user of on-demand content and devices. Having tried smart tv's from 3 brands, smart dvd/bluray players, Apple TV, WDTV, HTPC, Chromecast and too many other competing products to mention--for streaming content, before this box you really had two options (for a simple to use box that doesn't require additional items or tweaking):First is Apple TV which is easy to use (interface) but Apple limits the content you can get greatly (including no Prime Streaming built in) and it lacks a lot in features as well and is slow. The reason for selecting Apple TV is if you have other apple products that unlock features (like Amazon's content).The second option you could consider was Roku--which really means a Roku 3 box since it is heads and tails better than past Roku boxes in terms of remote and speed. Now Roku stands out with the most content and the most features of any box with the Roku 3. It is for that reason you will see me address the Roku 3 so often in this review.I have added quick summaries of other options to make sure everyone knows about the other options out there.WDTV: Are great for streaming your own content but not very user friendly.Chromecast: Is very cheap at 35 but requires other items to use (no remote included!), is limited to 16 channels according to their own site with other content broadcast via Chrome's browser not at the same quality level. This does allow you to browse the internet on your tv and is amazing for the cost but is more of a niche market than FireTV/Roku/Apple TV. But if you can live with the short comings, it is worth a look at 1/3 the price of these devices.Smart TVs: Most of these are FINE for occasional use but not nearly as pleasant to use daily like separate boxes.Read more","This box is a GAME CHANGER for on demand content! Amazon knocked it out of the park. Refreshed UPDATED with Tips! and HBO GO! 26,755 people found this helpful. Was this review helpful to you Yes No",,,William Hardin,,848719000000.0,
AVpff7_VilAPnD_xc1E_,B00DU15MU4,Amazon,"Categories,Amazon Devices,Streaming Media Players",,2016-02-03T04:11:33Z,2017-08-08T22:03:27Z,,848719000000.0,"848719035551,0848719035551,certifiedrefurbishedamazonfiretvpreviousgeneration1st/b00du15mu4",Amazon,,Certified Refurbished Amazon Fire TV (Previous Generation - 1st),"[{""amountMax"":94.00,""amountMin"":94.00,""condition"":""New"",""currency"":""USD"",""dateAdded"":""2017-08-08T22:03:27Z"",""dateSeen"":[""2017-08-04T07:34:48.337Z"",""2017-07-27T14:42:43.671Z""],""isSale"":""false"",""sourceURLs"":[""https://www.barcodable.com/upc/848719035551""]},{""amountMax"":94.00,""amountMin"":94.00,""currency"":""USD"",""dateAdded"":""2016-02-03T04:11:33Z"",""dateSeen"":[""2016-03-19T00:00:00Z""],""isSale"":""false"",""merchant"":""Amazon.com"",""shipping"":""FREE Shipping."",""sourceURLs"":[""http://www.amazon.com/Certified-Refurbished-Amazon-Previous-Generation/dp/B00DU15MU4""]},{""amountMax"":94.00,""amountMin"":94.00,""currency"":""USD"",""dateAdded"":""2016-02-03T04:11:33Z"",""dateSeen"":[""2016-03-20T00:00:00Z""],""isSale"":""false"",""shipping"":""FREE Shipping."",""sourceURLs"":[""http://www.amazon.com/Certified-Refurbished-Amazon-Previous-Generation/dp/B00DU15MU4"",""http://www.amazon.com/Certified-Refurbished-Amazon-Fire-TV/dp/B00DU15MU4""]},{""amountMax"":12.99,""amountMin"":12.99,""currency"":""USD"",""dateAdded"":""2016-02-03T04:11:33Z"",""dateSeen"":[""2016-03-18T00:00:00Z""],""isSale"":""false"",""sourceURLs"":[""http://www.amazon.com/Certified-Refurbished-Amazon-Previous-Generation/dp/B00DU15MU4""]}]",2014-04-06T00:00:00Z,,,,http://www.amazon.com/Certified-Refurbished-Amazon-Previous-Generation/dp/B00DU15MU4,"An Amazon.com official commented on this review(What's this) The Amazon team saysJuly 30, 2014Hi Dallas, thank you for sharing your feedback. We wanted to let you know that we made it easier to find your favorite Prime content with the click of your remote. You can now browse many more Prime-only categories, including Top Prime TV, Top Prime Movies, Prime TV for Kids, Prime Movies for Kids, Prime TV by Genre, and Prime Movies by Genre.","I like it Amazon...But this is IMPORTANT 5,861 people found this helpful. Was this review helpful to you Yes No An Amazon.com official commented on this review",,,Dallas,,848719000000.0,
AVpff7_VilAPnD_xc1E_,B00DU15MU4,Amazon,"Categories,Amazon Devices,Streaming Media Players",,2016-02-03T04:11:33Z,2017-08-08T22:03:27Z,,848719000000.0,"848719035551,0848719035551,certifiedrefurbishedamazonfiretvpreviousgeneration1st/b00du15mu4",Amazon,,Certified Refurbished Amazon Fire TV (Previous Generation - 1st),"[{""amountMax"":94.00,""amountMin"":94.00,""condition"":""New"",""currency"":""USD"",""dateAdded"":""2017-08-08T22:03:27Z"",""dateSeen"":[""2017-08-04T07:34:48.337Z"",""2017-07-27T14:42:43.671Z""],""isSale"":""false"",""sourceURLs"":[""https://www.barcodable.com/upc/848719035551""]},{""amountMax"":94.00,""amountMin"":94.00,""currency"":""USD"",""dateAdded"":""2016-02-03T04:11:33Z"",""dateSeen"":[""2016-03-19T00:00:00Z""],""isSale"":""false"",""merchant"":""Amazon.com"",""shipping"":""FREE Shipping."",""sourceURLs"":[""http://www.amazon.com/Certified-Refurbished-Amazon-Previous-Generation/dp/B00DU15MU4""]},{""amountMax"":94.00,""amountMin"":94.00,""currency"":""USD"",""dateAdded"":""2016-02-03T04:11:33Z"",""dateSeen"":[""2016-03-20T00:00:00Z""],""isSale"":""false"",""shipping"":""FREE Shipping."",""sourceURLs"":[""http://www.amazon.com/Certified-Refurbished-Amazon-Previous-Generation/dp/B00DU15MU4"",""http://www.amazon.com/Certified-Refurbished-Amazon-Fire-TV/dp/B00DU15MU4""]},{""amountMax"":12.99,""amountMin"":12.99,""currency"":""USD"",""dateAdded"":""2016-02-03T04:11:33Z"",""dateSeen"":[""2016-03-18T00:00:00Z""],""isSale"":""false"",""sourceURLs"":[""http://www.amazon.com/Certified-Refurbished-Amazon-Previous-Generation/dp/B00DU15MU4""]}]",2014-04-06T00:00:00Z,,,,http://www.amazon.com/Certified-Refurbished-Amazon-Fire-TV/dp/B00DU15MU4,"An Amazon.com official commented on this review(What's this) The Amazon team saysJuly 30, 2014Hi Dallas, thank you for sharing your feedback. We wanted to let you know that we made it easier to find your favorite Prime content with the click of your remote. You can now browse many more Prime-only categories, including Top Prime TV, Top Prime Movies, Prime TV for Kids, Prime Movies for Kids, Prime TV by Genre, and Prime Movies by Genre.",I like it Amazon...But this is IMPORTANTAn Amazon.com official commented on this review,,,Dallas,,848719000000.0,
AVpff7_VilAPnD_xc1E_,B00DU15MU4,Amazon,"Categories,Amazon Devices,Streaming Media Players",,2016-02-03T04:11:33Z,2017-08-08T22:03:27Z,,848719000000.0,"848719035551,0848719035551,certifiedrefurbishedamazonfiretvpreviousgeneration1st/b00du15mu4",Amazon,,Certified Refurbished Amazon Fire TV (Previous Generation - 1st),"[{""amountMax"":94.00,""amountMin"":94.00,""condition"":""New"",""currency"":""USD"",""dateAdded"":""2017-08-08T22:03:27Z"",""dateSeen"":[""2017-08-04T07:34:48.337Z"",""2017-07-27T14:42:43.671Z""],""isSale"":""false"",""sourceURLs"":[""https://www.barcodable.com/upc/848719035551""]},{""amountMax"":94.00,""amountMin"":94.00,""currency"":""USD"",""dateAdded"":""2016-02-03T04:11:33Z"",""dateSeen"":[""2016-03-19T00:00:00Z""],""isSale"":""false"",""merchant"":""Amazon.com"",""shipping"":""FREE Shipping."",""sourceURLs"":[""http://www.amazon.com/Certified-Refurbished-Amazon-Previous-Generation/dp/B00DU15MU4""]},{""amountMax"":94.00,""amountMin"":94.00,""currency"":""USD"",""dateAdded"":""2016-02-03T04:11:33Z"",""dateSeen"":[""2016-03-20T00:00:00Z""],""isSale"":""false"",""shipping"":""FREE Shipping."",""sourceURLs"":[""http://www.amazon.com/Certified-Refurbished-Amazon-Previous-Generation/dp/B00DU15MU4"",""http://www.amazon.com/Certified-Refurbished-Amazon-Fire-TV/dp/B00DU15MU4""]},{""amountMax"":12.99,""amountMin"":12.99,""currency"":""USD"",""dateAdded"":""2016-02-03T04:11:33Z"",""dateSeen"":[""2016-03-18T00:00:00Z""],""isSale"":""false"",""sourceURLs"":[""http://www.amazon.com/Certified-Refurbished-Amazon-Previous-Generation/dp/B00DU15MU4""]}]",2014-04-07T00:00:00Z,,,,http://www.amazon.com/Certified-Refurbished-Amazon-Previous-Generation/dp/B00DU15MU4,"I'm your typical middle-aged woman - I don't game, and I'm not super tech-savvy by any means....so take this review for what it is. The Fire TV was easy to install and I'm loving all the features, free movies, music and simple interface - this thing even has a screen saver that comes on when you're listening to music! We've always just had our Comcast cable service without DVR and occasionally used Comcast OnDemand to watch/rent movies - but I'll never watch from Comcast again. The voice recognition software is amazing and brought me to exactly what I was looking for every single time I searched. It's just so easy to find what you're looking for (unlike Comcast), and since I'm an Amazon Prime member most of what I want to view is free - oh and for the new release movies the cost to rent from Amazon is on average cheaper than Comcast OnDemand by a 1 or more. So happy with this purchase!","A review from a non-techie 11,063 people found this helpful. Was this review helpful to you Yes No",,,Mandy,,848719000000.0,
AVpff7_VilAPnD_xc1E_,B00DU15MU4,Amazon,"Categories,Amazon Devices,Streaming Media Players",,2016-02-03T04:11:33Z,2017-08-08T22:03:27Z,,848719000000.0,"848719035551,0848719035551,certifiedrefurbishedamazonfiretvpreviousgeneration1st/b00du15mu4",Amazon,,Certified Refurbished Amazon Fire TV (Previous Generation - 1st),"[{""amountMax"":94.00,""amountMin"":94.00,""condition"":""New"",""currency"":""USD"",""dateAdded"":""2017-08-08T22:03:27Z"",""dateSeen"":[""2017-08-04T07:34:48.337Z"",""2017-07-27T14:42:43.671Z""],""isSale"":""false"",""sourceURLs"":[""https://www.barcodable.com/upc/848719035551""]},{""amountMax"":94.00,""amountMin"":94.00,""currency"":""USD"",""dateAdded"":""2016-02-03T04:11:33Z"",""dateSeen"":[""2016-03-19T00:00:00Z""],""isSale"":""false"",""merchant"":""Amazon.com"",""shipping"":""FREE Shipping."",""sourceURLs"":[""http://www.amazon.com/Certified-Refurbished-Amazon-Previous-Generation/dp/B00DU15MU4""]},{""amountMax"":94.00,""amountMin"":94.00,""currency"":""USD"",""dateAdded"":""2016-02-03T04:11:33Z"",""dateSeen"":[""2016-03-20T00:00:00Z""],""isSale"":""false"",""shipping"":""FREE Shipping."",""sourceURLs"":[""http://www.amazon.com/Certified-Refurbished-Amazon-Previous-Generation/dp/B00DU15MU4"",""http://www.amazon.com/Certified-Refurbished-Amazon-Fire-TV/dp/B00DU15MU4""]},{""amountMax"":12.99,""amountMin"":12.99,""currency"":""USD"",""dateAdded"":""2016-02-03T04:11:33Z"",""dateSeen"":[""2016-03-18T00:00:00Z""],""isSale"":""false"",""sourceURLs"":[""http://www.amazon.com/Certified-Refurbished-Amazon-Previous-Generation/dp/B00DU15MU4""]}]",2014-04-07T00:00:00Z,,,,http://www.amazon.com/Certified-Refurbished-Amazon-Fire-TV/dp/B00DU15MU4,"I'm your typical middle-aged woman - I don't game, and I'm not super tech-savvy by any means....so take this review for what it is. The Fire TV was easy to install and I'm loving all the features, free movies, music and simple interface - this thing even has a screen saver that comes on when you're listening to music! We've always just had our Comcast cable service without DVR and occasionally used Comcast OnDemand to watch/rent movies - but I'll never watch from Comcast again. The voice recognition software is amazing and brought me to exactly what I was looking for every single time I searched. It's just so easy to find what you're looking for (unlike Comcast), and since I'm an Amazon Prime member most of what I want to view is free - oh and for the new release movies the cost to rent from Amazon is on average cheaper than Comcast OnDemand by a 1 or more. So happy with this purchase!",A review from a non-techie,,,Mandy,,848719000000.0,
AVpff7_VilAPnD_xc1E_,B00DU15MU4,Amazon,"Categories,Amazon Devices,Streaming Media Players",,2016-02-03T04:11:33Z,2017-08-08T22:03:27Z,,848719000000.0,"848719035551,0848719035551,certifiedrefurbishedamazonfiretvpreviousgeneration1st/b00du15mu4",Amazon,,Certified Refurbished Amazon Fire TV (Previous Generation - 1st),"[{""amountMax"":94.00,""amountMin"":94.00,""condition"":""New"",""currency"":""USD"",""dateAdded"":""2017-08-08T22:03:27Z"",""dateSeen"":[""2017-08-04T07:34:48.337Z"",""2017-07-27T14:42:43.671Z""],""isSale"":""false"",""sourceURLs"":[""https://www.barcodable.com/upc/848719035551""]},{""amountMax"":94.00,""amountMin"":94.00,""currency"":""USD"",""dateAdded"":""2016-02-03T04:11:33Z"",""dateSeen"":[""2016-03-19T00:00:00Z""],""isSale"":""false"",""merchant"":""Amazon.com"",""shipping"":""FREE Shipping."",""sourceURLs"":[""http://www.amazon.com/Certified-Refurbished-Amazon-Previous-Generation/dp/B00DU15MU4""]},{""amountMax"":94.00,""amountMin"":94.00,""currency"":""USD"",""dateAdded"":""2016-02-03T04:11:33Z"",""dateSeen"":[""2016-03-20T00:00:00Z""],""isSale"":""false"",""shipping"":""FREE Shipping."",""sourceURLs"":[""http://www.amazon.com/Certified-Refurbished-Amazon-Previous-Generation/dp/B00DU15MU4"",""http://www.amazon.com/Certified-Refurbished-Amazon-Fire-TV/dp/B00DU15MU4""]},{""amountMax"":12.99,""amountMin"":12.99,""currency"":""USD"",""dateAdded"":""2016-02-03T04:11:33Z"",""dateSeen"":[""2016-03-18T00:00:00Z""],""isSale"":""false"",""sourceURLs"":[""http://www.amazon.com/Certified-Refurbished-Amazon-Previous-Generation/dp/B00DU15MU4""]}]",2014-04-07T00:00:00Z,,,,http://www.amazon.com/Certified-Refurbished-Amazon-Previous-Generation/dp/B00DU15MU4,"I'm your typical middle-aged woman - I don't game, and I'm not super tech-savvy by any means....so take this review for what it is. The Fire TV was easy to install and I'm loving all the features, free movies, music and simple interface - this thing even has a screen saver that comes on when you're listening to music! We've always just had our Comcast cable service without DVR and occasionally used Comcast OnDemand to watch/rent movies - but I'll never watch from Comcast again. The voice recognition software is amazing and brought me to exactly what I was looking for every single time I searched. It's just so easy to find what you're looking for (unlike Comcast), and since I'm an Amazon Prime member most of what I want to view is free - oh and for the new release movies the cost to rent from Amazon is on average cheaper than Comcast OnDemand by a 1 or more. So happy with this purchase!","A review from a non-techie 11,062 people found this helpful. Was this review helpful to you Yes No",,,Mandy,,848719000000.0,
AVpff7_VilAPnD_xc1E_,B00DU15MU4,Amazon,"Categories,Amazon Devices,Streaming Media Players",,2016-02-03T04:11:33Z,2017-08-08T22:03:27Z,,848719000000.0,"848719035551,0848719035551,certifiedrefurbishedamazonfiretvpreviousgeneration1st/b00du15mu4",Amazon,,Certified Refurbished Amazon Fire TV (Previous Generation - 1st),"[{""amountMax"":94.00,""amountMin"":94.00,""condition"":""New"",""currency"":""USD"",""dateAdded"":""2017-08-08T22:03:27Z"",""dateSeen"":[""2017-08-04T07:34:48.337Z"",""2017-07-27T14:42:43.671Z""],""isSale"":""false"",""sourceURLs"":[""https://www.barcodable.com/upc/848719035551""]},{""amountMax"":94.00,""amountMin"":94.00,""currency"":""USD"",""dateAdded"":""2016-02-03T04:11:33Z"",""dateSeen"":[""2016-03-19T00:00:00Z""],""isSale"":""false"",""merchant"":""Amazon.com"",""shipping"":""FREE Shipping."",""sourceURLs"":[""http://www.amazon.com/Certified-Refurbished-Amazon-Previous-Generation/dp/B00DU15MU4""]},{""amountMax"":94.00,""amountMin"":94.00,""currency"":""USD"",""dateAdded"":""2016-02-03T04:11:33Z"",""dateSeen"":[""2016-03-20T00:00:00Z""],""isSale"":""false"",""shipping"":""FREE Shipping."",""sourceURLs"":[""http://www.amazon.com/Certified-Refurbished-Amazon-Previous-Generation/dp/B00DU15MU4"",""http://www.amazon.com/Certified-Refurbished-Amazon-Fire-TV/dp/B00DU15MU4""]},{""amountMax"":12.99,""amountMin"":12.99,""currency"":""USD"",""dateAdded"":""2016-02-03T04:11:33Z"",""dateSeen"":[""2016-03-18T00:00:00Z""],""isSale"":""false"",""sourceURLs"":[""http://www.amazon.com/Certified-Refurbished-Amazon-Previous-Generation/dp/B00DU15MU4""]}]",2014-04-07T00:00:00Z,,,5.0,http://www.amazon.com/Certified-Refurbished-Amazon-Previous-Generation/dp/B00DU15MU4,"I'm your typical middle-aged woman - I don't game, and I'm not super tech-savvy by any means....so take this review for what it is. The Fire TV was easy to install and I'm loving all the features, free movies, music and simple interface - this thing even has a screen saver that comes on when you're listening to music! We've always just had our Comcast cable service without DVR and occasionally used Comcast OnDemand to watch/rent movies - but I'll never watch from Comcast again. The voice recognition software is amazing and brought me to exactly what I was looking for every single time I searched. It's just so easy to find what you're looking for (unlike Comcast), and since I'm an Amazon Prime member most of what I want to view is free - oh and for the new release movies the cost to rent from Amazon is on average cheaper than Comcast OnDemand by a 1 or more. So happy with this purchase!","A review from a non-techie 11,065 people found this helpful. Was this review helpful to you Yes No",,,Mandy,,848719000000.0,
AVpff7_VilAPnD_xc1E_,B00DU15MU4,Amazon,"Categories,Amazon Devices,Streaming Media Players",,2016-02-03T04:11:33Z,2017-08-08T22:03:27Z,,848719000000.0,"848719035551,0848719035551,certifiedrefurbishedamazonfiretvpreviousgeneration1st/b00du15mu4",Amazon,,Certified Refurbished Amazon Fire TV (Previous Generation - 1st),"[{""amountMax"":94.00,""amountMin"":94.00,""condition"":""New"",""currency"":""USD"",""dateAdded"":""2017-08-08T22:03:27Z"",""dateSeen"":[""2017-08-04T07:34:48.337Z"",""2017-07-27T14:42:43.671Z""],""isSale"":""false"",""sourceURLs"":[""https://www.barcodable.com/upc/848719035551""]},{""amountMax"":94.00,""amountMin"":94.00,""currency"":""USD"",""dateAdded"":""2016-02-03T04:11:33Z"",""dateSeen"":[""2016-03-19T00:00:00Z""],""isSale"":""false"",""merchant"":""Amazon.com"",""shipping"":""FREE Shipping."",""sourceURLs"":[""http://www.amazon.com/Certified-Refurbished-Amazon-Previous-Generation/dp/B00DU15MU4""]},{""amountMax"":94.00,""amountMin"":94.00,""currency"":""USD"",""dateAdded"":""2016-02-03T04:11:33Z"",""dateSeen"":[""2016-03-20T00:00:00Z""],""isSale"":""false"",""shipping"":""FREE Shipping."",""sourceURLs"":[""http://www.amazon.com/Certified-Refurbished-Amazon-Previous-Generation/dp/B00DU15MU4"",""http://www.amazon.com/Certified-Refurbished-Amazon-Fire-TV/dp/B00DU15MU4""]},{""amountMax"":12.99,""amountMin"":12.99,""currency"":""USD"",""dateAdded"":""2016-02-03T04:11:33Z"",""dateSeen"":[""2016-03-18T00:00:00Z""],""isSale"":""false"",""sourceURLs"":[""http://www.amazon.com/Certified-Refurbished-Amazon-Previous-Generation/dp/B00DU15MU4""]}]",2014-04-03T00:00:00Z,,,,http://www.amazon.com/Certified-Refurbished-Amazon-Previous-Generation/dp/B00DU15MU4,"Having received my Fire TV today, I've been trying it out for the past couple of hours.Setup was a no brainer. It required an update immediately so it did take about 15 minutes to have it in action but the process was very simple.The image quality (movies and games) is excellent. I've tried several movies from Amazon Prime and they look and sound nearly Blu Ray quality as far as I can tell.Navigation is very straightforward and it's generally easy to find anything you're looking for. Installation of games and apps goes very smoothly and generally pretty quickly.The remote works very well. I haven't played with the voice search feature much yet, but when I have tried it, it worked well. The buttons on the remote are well thought out and I prefer it to the Apple TV remote.I only have one gripe. As far as I can tell, there's no way to limit the list of movies and tv shows to what is available for Amazon Prime members. This makes it very inconvenient to find things that are free to watch. There are some categories that are limited to Prime (Most Popular on Prime, For Kids on Prime) I want to be able to just see what's available for Prime or at least be able to see by category what's available for Prime. I'm sure this isn't an oversight. I suspect Amazon wants to force us to look at everything and be tempted to buy/rent things but if they really want to compete with Netflix, they'll understand that we pay for our Prime membership to be able to watch free movies conveniently. A workaround is to do your searching on the web and then search specifically on the device.Perhaps I just haven't found the way to search for Prime available content. I hope that's the case or I will really be disappointed.Read more","Works great with one critical flaw. (significantly improved) 7,380 people found this helpful. Was this review helpful to you Yes No",,,Gregory P. Baker,,848719000000.0,
AVpff7_VilAPnD_xc1E_,B00DU15MU4,Amazon,"Categories,Amazon Devices,Streaming Media Players",,2016-02-03T04:11:33Z,2017-08-08T22:03:27Z,,848719000000.0,"848719035551,0848719035551,certifiedrefurbishedamazonfiretvpreviousgeneration1st/b00du15mu4",Amazon,,Certified Refurbished Amazon Fire TV (Previous Generation - 1st),"[{""amountMax"":94.00,""amountMin"":94.00,""condition"":""New"",""currency"":""USD"",""dateAdded"":""2017-08-08T22:03:27Z"",""dateSeen"":[""2017-08-04T07:34:48.337Z"",""2017-07-27T14:42:43.671Z""],""isSale"":""false"",""sourceURLs"":[""https://www.barcodable.com/upc/848719035551""]},{""amountMax"":94.00,""amountMin"":94.00,""currency"":""USD"",""dateAdded"":""2016-02-03T04:11:33Z"",""dateSeen"":[""2016-03-19T00:00:00Z""],""isSale"":""false"",""merchant"":""Amazon.com"",""shipping"":""FREE Shipping."",""sourceURLs"":[""http://www.amazon.com/Certified-Refurbished-Amazon-Previous-Generation/dp/B00DU15MU4""]},{""amountMax"":94.00,""amountMin"":94.00,""currency"":""USD"",""dateAdded"":""2016-02-03T04:11:33Z"",""dateSeen"":[""2016-03-20T00:00:00Z""],""isSale"":""false"",""shipping"":""FREE Shipping."",""sourceURLs"":[""http://www.amazon.com/Certified-Refurbished-Amazon-Previous-Generation/dp/B00DU15MU4"",""http://www.amazon.com/Certified-Refurbished-Amazon-Fire-TV/dp/B00DU15MU4""]},{""amountMax"":12.99,""amountMin"":12.99,""currency"":""USD"",""dateAdded"":""2016-02-03T04:11:33Z"",""dateSeen"":[""2016-03-18T00:00:00Z""],""isSale"":""false"",""sourceURLs"":[""http://www.amazon.com/Certified-Refurbished-Amazon-Previous-Generation/dp/B00DU15MU4""]}]",,,,5.0,http://www.amazon.com/Certified-Refurbished-Amazon-Previous-Generation/dp/B00DU15MU4,"I am not a casual user of on-demand content and devices. Having tried smart tv's from 3 brands, smart dvd/bluray players, Apple TV, WDTV, HTPC, Chromecast and too many other competing products to mention--for streaming content, before this box you really had two options (for a simple to use box that doesn't require additional items or tweaking):First is Apple TV which is easy to use (interface) but Apple limits the content you can get greatly (including no Prime Streaming built in) and it lacks a lot in features as well and is slow. The reason for selecting Apple TV is if you have other apple products that unlock features (like Amazon's content).The second option you could consider was Roku--which really means a Roku 3 box since it is heads and tails better than past Roku boxes in terms of remote and speed. Now Roku stands out with the most content and the most features of any box with the Roku 3. It is for that reason you will see me address the Roku 3 so often in this review.I have added quick summaries of other options to make sure everyone knows about the other options out there.WDTV: Are great for streaming your own content but not very user friendly.Chromecast: Is very cheap at 35 but requires other items to use (no remote included!), is limited to 16 channels according to their own site with other content broadcast via Chrome's browser not at the same quality level. This does allow you to browse the internet on your tv and is amazing for the cost but is more of a niche market than FireTV/Roku/Apple TV. But if you can live with the short comings, it is worth a look at 1/3 the price of these devices.Smart TVs: Most of these are FINE for occasional use but not nearly as pleasant to use daily like separate boxes.Read more","This box is a GAME CHANGER for on demand content! Amazon knocked it out of the park. Refreshed UPDATED with Tips! and HBO GO! 26,759 people found this helpful. Was this review helpful to you Yes No",,,William Hardin,,848719000000.0,
AVpff7_VilAPnD_xc1E_,B00DU15MU4,Amazon,"Categories,Amazon Devices,Streaming Media Players",,2016-02-03T04:11:33Z,2017-08-08T22:03:27Z,,848719000000.0,"848719035551,0848719035551,certifiedrefurbishedamazonfiretvpreviousgeneration1st/b00du15mu4",Amazon,,Certified Refurbished Amazon Fire TV (Previous Generation - 1st),"[{""amountMax"":94.00,""amountMin"":94.00,""condition"":""New"",""currency"":""USD"",""dateAdded"":""2017-08-08T22:03:27Z"",""dateSeen"":[""2017-08-04T07:34:48.337Z"",""2017-07-27T14:42:43.671Z""],""isSale"":""false"",""sourceURLs"":[""https://www.barcodable.com/upc/848719035551""]},{""amountMax"":94.00,""amountMin"":94.00,""currency"":""USD"",""dateAdded"":""2016-02-03T04:11:33Z"",""dateSeen"":[""2016-03-19T00:00:00Z""],""isSale"":""false"",""merchant"":""Amazon.com"",""shipping"":""FREE Shipping."",""sourceURLs"":[""http://www.amazon.com/Certified-Refurbished-Amazon-Previous-Generation/dp/B00DU15MU4""]},{""amountMax"":94.00,""amountMin"":94.00,""currency"":""USD"",""dateAdded"":""2016-02-03T04:11:33Z"",""dateSeen"":[""2016-03-20T00:00:00Z""],""isSale"":""false"",""shipping"":""FREE Shipping."",""sourceURLs"":[""http://www.amazon.com/Certified-Refurbished-Amazon-Previous-Generation/dp/B00DU15MU4"",""http://www.amazon.com/Certified-Refurbished-Amazon-Fire-TV/dp/B00DU15MU4""]},{""amountMax"":12.99,""amountMin"":12.99,""currency"":""USD"",""dateAdded"":""2016-02-03T04:11:33Z"",""dateSeen"":[""2016-03-18T00:00:00Z""],""isSale"":""false"",""sourceURLs"":[""http://www.amazon.com/Certified-Refurbished-Amazon-Previous-Generation/dp/B00DU15MU4""]}]",2014-04-06T00:00:00Z,,,4.0,http://www.amazon.com/Certified-Refurbished-Amazon-Previous-Generation/dp/B00DU15MU4,"An Amazon.com official commented on this review(What's this) The Amazon team saysJuly 30, 2014Hi Dallas, thank you for sharing your feedback. We wanted to let you know that we made it easier to find your favorite Prime content with the click of your remote. You can now browse many more Prime-only categories, including Top Prime TV, Top Prime Movies, Prime TV for Kids, Prime Movies for Kids, Prime TV by Genre, and Prime Movies by Genre.","I like it Amazon...But this is IMPORTANT 5,861 people found this helpful. Was this review helpful to you Yes No An Amazon.com official commented on this review",,,Dallas,,848719000000.0,
AVpff7_VilAPnD_xc1E_,B00DU15MU4,Amazon,"Categories,Amazon Devices,Streaming Media Players",,2016-02-03T04:11:33Z,2017-08-08T22:03:27Z,,848719000000.0,"848719035551,0848719035551,certifiedrefurbishedamazonfiretvpreviousgeneration1st/b00du15mu4",Amazon,,Certified Refurbished Amazon Fire TV (Previous Generation - 1st),"[{""amountMax"":94.00,""amountMin"":94.00,""condition"":""New"",""currency"":""USD"",""dateAdded"":""2017-08-08T22:03:27Z"",""dateSeen"":[""2017-08-04T07:34:48.337Z"",""2017-07-27T14:42:43.671Z""],""isSale"":""false"",""sourceURLs"":[""https://www.barcodable.com/upc/848719035551""]},{""amountMax"":94.00,""amountMin"":94.00,""currency"":""USD"",""dateAdded"":""2016-02-03T04:11:33Z"",""dateSeen"":[""2016-03-19T00:00:00Z""],""isSale"":""false"",""merchant"":""Amazon.com"",""shipping"":""FREE Shipping."",""sourceURLs"":[""http://www.amazon.com/Certified-Refurbished-Amazon-Previous-Generation/dp/B00DU15MU4""]},{""amountMax"":94.00,""amountMin"":94.00,""currency"":""USD"",""dateAdded"":""2016-02-03T04:11:33Z"",""dateSeen"":[""2016-03-20T00:00:00Z""],""isSale"":""false"",""shipping"":""FREE Shipping."",""sourceURLs"":[""http://www.amazon.com/Certified-Refurbished-Amazon-Previous-Generation/dp/B00DU15MU4"",""http://www.amazon.com/Certified-Refurbished-Amazon-Fire-TV/dp/B00DU15MU4""]},{""amountMax"":12.99,""amountMin"":12.99,""currency"":""USD"",""dateAdded"":""2016-02-03T04:11:33Z"",""dateSeen"":[""2016-03-18T00:00:00Z""],""isSale"":""false"",""sourceURLs"":[""http://www.amazon.com/Certified-Refurbished-Amazon-Previous-Generation/dp/B00DU15MU4""]}]",2014-04-06T00:00:00Z,,,,http://www.amazon.com/Certified-Refurbished-Amazon-Previous-Generation/dp/B00DU15MU4,"An Amazon.com official commented on this review(What's this) The Amazon team saysJuly 30, 2014Hi Dallas, thank you for sharing your feedback. We wanted to let you know that we made it easier to find your favorite Prime content with the click of your remote. You can now browse many more Prime-only categories, including Top Prime TV, Top Prime Movies, Prime TV for Kids, Prime Movies for Kids, Prime TV by Genre, and Prime Movies by Genre.","I like it Amazon...But this is IMPORTANT 5,859 of 6,307 people found this helpful. Was this review helpful to you Yes No An Amazon.com official commented on this review",,,Dallas,,848719000000.0,
AVpff7_VilAPnD_xc1E_,B00DU15MU4,Amazon,"Categories,Amazon Devices,Streaming Media Players",,2016-02-03T04:11:33Z,2017-08-08T22:03:27Z,,848719000000.0,"848719035551,0848719035551,certifiedrefurbishedamazonfiretvpreviousgeneration1st/b00du15mu4",Amazon,,Certified Refurbished Amazon Fire TV (Previous Generation - 1st),"[{""amountMax"":94.00,""amountMin"":94.00,""condition"":""New"",""currency"":""USD"",""dateAdded"":""2017-08-08T22:03:27Z"",""dateSeen"":[""2017-08-04T07:34:48.337Z"",""2017-07-27T14:42:43.671Z""],""isSale"":""false"",""sourceURLs"":[""https://www.barcodable.com/upc/848719035551""]},{""amountMax"":94.00,""amountMin"":94.00,""currency"":""USD"",""dateAdded"":""2016-02-03T04:11:33Z"",""dateSeen"":[""2016-03-19T00:00:00Z""],""isSale"":""false"",""merchant"":""Amazon.com"",""shipping"":""FREE Shipping."",""sourceURLs"":[""http://www.amazon.com/Certified-Refurbished-Amazon-Previous-Generation/dp/B00DU15MU4""]},{""amountMax"":94.00,""amountMin"":94.00,""currency"":""USD"",""dateAdded"":""2016-02-03T04:11:33Z"",""dateSeen"":[""2016-03-20T00:00:00Z""],""isSale"":""false"",""shipping"":""FREE Shipping."",""sourceURLs"":[""http://www.amazon.com/Certified-Refurbished-Amazon-Previous-Generation/dp/B00DU15MU4"",""http://www.amazon.com/Certified-Refurbished-Amazon-Fire-TV/dp/B00DU15MU4""]},{""amountMax"":12.99,""amountMin"":12.99,""currency"":""USD"",""dateAdded"":""2016-02-03T04:11:33Z"",""dateSeen"":[""2016-03-18T00:00:00Z""],""isSale"":""false"",""sourceURLs"":[""http://www.amazon.com/Certified-Refurbished-Amazon-Previous-Generation/dp/B00DU15MU4""]}]",,,,,http://www.amazon.com/Certified-Refurbished-Amazon-Previous-Generation/dp/B00DU15MU4,"I am not a casual user of on-demand content and devices. Having tried smart tv's from 3 brands, smart dvd/bluray players, Apple TV, WDTV, HTPC, Chromecast and too many other competing products to mention--for streaming content, before this box you really had two options (for a simple to use box that doesn't require additional items or tweaking):First is Apple TV which is easy to use (interface) but Apple limits the content you can get greatly (including no Prime Streaming built in) and it lacks a lot in features as well and is slow. The reason for selecting Apple TV is if you have other apple products that unlock features (like Amazon's content).The second option you could consider was Roku--which really means a Roku 3 box since it is heads and tails better than past Roku boxes in terms of remote and speed. Now Roku stands out with the most content and the most features of any box with the Roku 3. It is for that reason you will see me address the Roku 3 so often in this review.I have added quick summaries of other options to make sure everyone knows about the other options out there.WDTV: Are great for streaming your own content but not very user friendly.Chromecast: Is very cheap at 35 but requires other items to use (no remote included!), is limited to 16 channels according to their own site with other content broadcast via Chrome's browser not at the same quality level. This does allow you to browse the internet on your tv and is amazing for the cost but is more of a niche market than FireTV/Roku/Apple TV. But if you can live with the short comings, it is worth a look at 1/3 the price of these devices.Smart TVs: Most of these are FINE for occasional use but not nearly as pleasant to use daily like separate boxes.Read more","This box is a GAME CHANGER for on demand content! Amazon knocked it out of the park. Refreshed UPDATED with Tips! and HBO GO! 26,752 people found this helpful. Was this review helpful to you Yes No",,,William Hardin,,848719000000.0,
AVpff7_VilAPnD_xc1E_,B00DU15MU4,Amazon,"Categories,Amazon Devices,Streaming Media Players",,2016-02-03T04:11:33Z,2017-08-08T22:03:27Z,,848719000000.0,"848719035551,0848719035551,certifiedrefurbishedamazonfiretvpreviousgeneration1st/b00du15mu4",Amazon,,Certified Refurbished Amazon Fire TV (Previous Generation - 1st),"[{""amountMax"":94.00,""amountMin"":94.00,""condition"":""New"",""currency"":""USD"",""dateAdded"":""2017-08-08T22:03:27Z"",""dateSeen"":[""2017-08-04T07:34:48.337Z"",""2017-07-27T14:42:43.671Z""],""isSale"":""false"",""sourceURLs"":[""https://www.barcodable.com/upc/848719035551""]},{""amountMax"":94.00,""amountMin"":94.00,""currency"":""USD"",""dateAdded"":""2016-02-03T04:11:33Z"",""dateSeen"":[""2016-03-19T00:00:00Z""],""isSale"":""false"",""merchant"":""Amazon.com"",""shipping"":""FREE Shipping."",""sourceURLs"":[""http://www.amazon.com/Certified-Refurbished-Amazon-Previous-Generation/dp/B00DU15MU4""]},{""amountMax"":94.00,""amountMin"":94.00,""currency"":""USD"",""dateAdded"":""2016-02-03T04:11:33Z"",""dateSeen"":[""2016-03-20T00:00:00Z""],""isSale"":""false"",""shipping"":""FREE Shipping."",""sourceURLs"":[""http://www.amazon.com/Certified-Refurbished-Amazon-Previous-Generation/dp/B00DU15MU4"",""http://www.amazon.com/Certified-Refurbished-Amazon-Fire-TV/dp/B00DU15MU4""]},{""amountMax"":12.99,""amountMin"":12.99,""currency"":""USD"",""dateAdded"":""2016-02-03T04:11:33Z"",""dateSeen"":[""2016-03-18T00:00:00Z""],""isSale"":""false"",""sourceURLs"":[""http://www.amazon.com/Certified-Refurbished-Amazon-Previous-Generation/dp/B00DU15MU4""]}]",,,,,http://www.amazon.com/Certified-Refurbished-Amazon-Previous-Generation/dp/B00DU15MU4,"I am not a casual user of on-demand content and devices. Having tried smart tv's from 3 brands, smart dvd/bluray players, Apple TV, WDTV, HTPC, Chromecast and too many other competing products to mention--for streaming content, before this box you really had two options (for a simple to use box that doesn't require additional items or tweaking):First is Apple TV which is easy to use (interface) but Apple limits the content you can get greatly (including no Prime Streaming built in) and it lacks a lot in features as well and is slow. The reason for selecting Apple TV is if you have other apple products that unlock features (like Amazon's content).The second option you could consider was Roku--which really means a Roku 3 box since it is heads and tails better than past Roku boxes in terms of remote and speed. Now Roku stands out with the most content and the most features of any box with the Roku 3. It is for that reason you will see me address the Roku 3 so often in this review.I have added quick summaries of other options to make sure everyone knows about the other options out there.WDTV: Are great for streaming your own content but not very user friendly.Chromecast: Is very cheap at 35 but requires other items to use (no remote included!), is limited to 16 channels according to their own site with other content broadcast via Chrome's browser not at the same quality level. This does allow you to browse the internet on your tv and is amazing for the cost but is more of a niche market than FireTV/Roku/Apple TV. But if you can live with the short comings, it is worth a look at 1/3 the price of these devices.Smart TVs: Most of these are FINE for occasional use but not nearly as pleasant to use daily like separate boxes.Read more","This box is a GAME CHANGER for on demand content! Amazon knocked it out of the park. Refreshed UPDATED with Tips! and HBO GO! 26,759 people found this helpful. Was this review helpful to you Yes No",,,William Hardin,,848719000000.0,
AVpff7_VilAPnD_xc1E_,B00DU15MU4,Amazon,"Categories,Amazon Devices,Streaming Media Players",,2016-02-03T04:11:33Z,2017-08-08T22:03:27Z,,848719000000.0,"848719035551,0848719035551,certifiedrefurbishedamazonfiretvpreviousgeneration1st/b00du15mu4",Amazon,,Certified Refurbished Amazon Fire TV (Previous Generation - 1st),"[{""amountMax"":94.00,""amountMin"":94.00,""condition"":""New"",""currency"":""USD"",""dateAdded"":""2017-08-08T22:03:27Z"",""dateSeen"":[""2017-08-04T07:34:48.337Z"",""2017-07-27T14:42:43.671Z""],""isSale"":""false"",""sourceURLs"":[""https://www.barcodable.com/upc/848719035551""]},{""amountMax"":94.00,""amountMin"":94.00,""currency"":""USD"",""dateAdded"":""2016-02-03T04:11:33Z"",""dateSeen"":[""2016-03-19T00:00:00Z""],""isSale"":""false"",""merchant"":""Amazon.com"",""shipping"":""FREE Shipping."",""sourceURLs"":[""http://www.amazon.com/Certified-Refurbished-Amazon-Previous-Generation/dp/B00DU15MU4""]},{""amountMax"":94.00,""amountMin"":94.00,""currency"":""USD"",""dateAdded"":""2016-02-03T04:11:33Z"",""dateSeen"":[""2016-03-20T00:00:00Z""],""isSale"":""false"",""shipping"":""FREE Shipping."",""sourceURLs"":[""http://www.amazon.com/Certified-Refurbished-Amazon-Previous-Generation/dp/B00DU15MU4"",""http://www.amazon.com/Certified-Refurbished-Amazon-Fire-TV/dp/B00DU15MU4""]},{""amountMax"":12.99,""amountMin"":12.99,""currency"":""USD"",""dateAdded"":""2016-02-03T04:11:33Z"",""dateSeen"":[""2016-03-18T00:00:00Z""],""isSale"":""false"",""sourceURLs"":[""http://www.amazon.com/Certified-Refurbished-Amazon-Previous-Generation/dp/B00DU15MU4""]}]",2014-04-03T00:00:00Z,,,,http://www.amazon.com/Certified-Refurbished-Amazon-Previous-Generation/dp/B00DU15MU4,"Having received my Fire TV today, I've been trying it out for the past couple of hours.Setup was a no brainer. It required an update immediately so it did take about 15 minutes to have it in action but the process was very simple.The image quality (movies and games) is excellent. I've tried several movies from Amazon Prime and they look and sound nearly Blu Ray quality as far as I can tell.Navigation is very straightforward and it's generally easy to find anything you're looking for. Installation of games and apps goes very smoothly and generally pretty quickly.The remote works very well. I haven't played with the voice search feature much yet, but when I have tried it, it worked well. The buttons on the remote are well thought out and I prefer it to the Apple TV remote.I only have one gripe. As far as I can tell, there's no way to limit the list of movies and tv shows to what is available for Amazon Prime members. This makes it very inconvenient to find things that are free to watch. There are some categories that are limited to Prime (Most Popular on Prime, For Kids on Prime) I want to be able to just see what's available for Prime or at least be able to see by category what's available for Prime. I'm sure this isn't an oversight. I suspect Amazon wants to force us to look at everything and be tempted to buy/rent things but if they really want to compete with Netflix, they'll understand that we pay for our Prime membership to be able to watch free movies conveniently. A workaround is to do your searching on the web and then search specifically on the device.Perhaps I just haven't found the way to search for Prime available content. I hope that's the case or I will really be disappointed.Read more","Works great with one critical flaw. (significantly improved) 7,377 people found this helpful. Was this review helpful to you Yes No",,,Gregory P. Baker,,848719000000.0,
AVpff7_VilAPnD_xc1E_,B00DU15MU4,Amazon,"Categories,Amazon Devices,Streaming Media Players",,2016-02-03T04:11:33Z,2017-08-08T22:03:27Z,,848719000000.0,"848719035551,0848719035551,certifiedrefurbishedamazonfiretvpreviousgeneration1st/b00du15mu4",Amazon,,Certified Refurbished Amazon Fire TV (Previous Generation - 1st),"[{""amountMax"":94.00,""amountMin"":94.00,""condition"":""New"",""currency"":""USD"",""dateAdded"":""2017-08-08T22:03:27Z"",""dateSeen"":[""2017-08-04T07:34:48.337Z"",""2017-07-27T14:42:43.671Z""],""isSale"":""false"",""sourceURLs"":[""https://www.barcodable.com/upc/848719035551""]},{""amountMax"":94.00,""amountMin"":94.00,""currency"":""USD"",""dateAdded"":""2016-02-03T04:11:33Z"",""dateSeen"":[""2016-03-19T00:00:00Z""],""isSale"":""false"",""merchant"":""Amazon.com"",""shipping"":""FREE Shipping."",""sourceURLs"":[""http://www.amazon.com/Certified-Refurbished-Amazon-Previous-Generation/dp/B00DU15MU4""]},{""amountMax"":94.00,""amountMin"":94.00,""currency"":""USD"",""dateAdded"":""2016-02-03T04:11:33Z"",""dateSeen"":[""2016-03-20T00:00:00Z""],""isSale"":""false"",""shipping"":""FREE Shipping."",""sourceURLs"":[""http://www.amazon.com/Certified-Refurbished-Amazon-Previous-Generation/dp/B00DU15MU4"",""http://www.amazon.com/Certified-Refurbished-Amazon-Fire-TV/dp/B00DU15MU4""]},{""amountMax"":12.99,""amountMin"":12.99,""currency"":""USD"",""dateAdded"":""2016-02-03T04:11:33Z"",""dateSeen"":[""2016-03-18T00:00:00Z""],""isSale"":""false"",""sourceURLs"":[""http://www.amazon.com/Certified-Refurbished-Amazon-Previous-Generation/dp/B00DU15MU4""]}]",2014-04-06T00:00:00Z,,,4.0,http://www.amazon.com/Certified-Refurbished-Amazon-Previous-Generation/dp/B00DU15MU4,"An Amazon.com official commented on this review(What's this) The Amazon team saysJuly 30, 2014Hi Dallas, thank you for sharing your feedback. We wanted to let you know that we made it easier to find your favorite Prime content with the click of your remote. You can now browse many more Prime-only categories, including Top Prime TV, Top Prime Movies, Prime TV for Kids, Prime Movies for Kids, Prime TV by Genre, and Prime Movies by Genre.","I like it Amazon...But this is IMPORTANT 5,862 people found this helpful. Was this review helpful to you Yes No An Amazon.com official commented on this review",,,Dallas,,848719000000.0,
AVpff7_VilAPnD_xc1E_,B00DU15MU4,Amazon,"Categories,Amazon Devices,Streaming Media Players",,2016-02-03T04:11:33Z,2017-08-08T22:03:27Z,,848719000000.0,"848719035551,0848719035551,certifiedrefurbishedamazonfiretvpreviousgeneration1st/b00du15mu4",Amazon,,Certified Refurbished Amazon Fire TV (Previous Generation - 1st),"[{""amountMax"":94.00,""amountMin"":94.00,""condition"":""New"",""currency"":""USD"",""dateAdded"":""2017-08-08T22:03:27Z"",""dateSeen"":[""2017-08-04T07:34:48.337Z"",""2017-07-27T14:42:43.671Z""],""isSale"":""false"",""sourceURLs"":[""https://www.barcodable.com/upc/848719035551""]},{""amountMax"":94.00,""amountMin"":94.00,""currency"":""USD"",""dateAdded"":""2016-02-03T04:11:33Z"",""dateSeen"":[""2016-03-19T00:00:00Z""],""isSale"":""false"",""merchant"":""Amazon.com"",""shipping"":""FREE Shipping."",""sourceURLs"":[""http://www.amazon.com/Certified-Refurbished-Amazon-Previous-Generation/dp/B00DU15MU4""]},{""amountMax"":94.00,""amountMin"":94.00,""currency"":""USD"",""dateAdded"":""2016-02-03T04:11:33Z"",""dateSeen"":[""2016-03-20T00:00:00Z""],""isSale"":""false"",""shipping"":""FREE Shipping."",""sourceURLs"":[""http://www.amazon.com/Certified-Refurbished-Amazon-Previous-Generation/dp/B00DU15MU4"",""http://www.amazon.com/Certified-Refurbished-Amazon-Fire-TV/dp/B00DU15MU4""]},{""amountMax"":12.99,""amountMin"":12.99,""currency"":""USD"",""dateAdded"":""2016-02-03T04:11:33Z"",""dateSeen"":[""2016-03-18T00:00:00Z""],""isSale"":""false"",""sourceURLs"":[""http://www.amazon.com/Certified-Refurbished-Amazon-Previous-Generation/dp/B00DU15MU4""]}]",2014-04-07T00:00:00Z,,,,http://www.amazon.com/Certified-Refurbished-Amazon-Previous-Generation/dp/B00DU15MU4,"I'm your typical middle-aged woman - I don't game, and I'm not super tech-savvy by any means....so take this review for what it is. The Fire TV was easy to install and I'm loving all the features, free movies, music and simple interface - this thing even has a screen saver that comes on when you're listening to music! We've always just had our Comcast cable service without DVR and occasionally used Comcast OnDemand to watch/rent movies - but I'll never watch from Comcast again. The voice recognition software is amazing and brought me to exactly what I was looking for every single time I searched. It's just so easy to find what you're looking for (unlike Comcast), and since I'm an Amazon Prime member most of what I want to view is free - oh and for the new release movies the cost to rent from Amazon is on average cheaper than Comcast OnDemand by a 1 or more. So happy with this purchase!","A review from a non-techie 11,054 of 11,528 people found this helpful. Was this review helpful to you Yes No",,,Mandy,,848719000000.0,
AVpff7_VilAPnD_xc1E_,B00DU15MU4,Amazon,"Categories,Amazon Devices,Streaming Media Players",,2016-02-03T04:11:33Z,2017-08-08T22:03:27Z,,848719000000.0,"848719035551,0848719035551,certifiedrefurbishedamazonfiretvpreviousgeneration1st/b00du15mu4",Amazon,,Certified Refurbished Amazon Fire TV (Previous Generation - 1st),"[{""amountMax"":94.00,""amountMin"":94.00,""condition"":""New"",""currency"":""USD"",""dateAdded"":""2017-08-08T22:03:27Z"",""dateSeen"":[""2017-08-04T07:34:48.337Z"",""2017-07-27T14:42:43.671Z""],""isSale"":""false"",""sourceURLs"":[""https://www.barcodable.com/upc/848719035551""]},{""amountMax"":94.00,""amountMin"":94.00,""currency"":""USD"",""dateAdded"":""2016-02-03T04:11:33Z"",""dateSeen"":[""2016-03-19T00:00:00Z""],""isSale"":""false"",""merchant"":""Amazon.com"",""shipping"":""FREE Shipping."",""sourceURLs"":[""http://www.amazon.com/Certified-Refurbished-Amazon-Previous-Generation/dp/B00DU15MU4""]},{""amountMax"":94.00,""amountMin"":94.00,""currency"":""USD"",""dateAdded"":""2016-02-03T04:11:33Z"",""dateSeen"":[""2016-03-20T00:00:00Z""],""isSale"":""false"",""shipping"":""FREE Shipping."",""sourceURLs"":[""http://www.amazon.com/Certified-Refurbished-Amazon-Previous-Generation/dp/B00DU15MU4"",""http://www.amazon.com/Certified-Refurbished-Amazon-Fire-TV/dp/B00DU15MU4""]},{""amountMax"":12.99,""amountMin"":12.99,""currency"":""USD"",""dateAdded"":""2016-02-03T04:11:33Z"",""dateSeen"":[""2016-03-18T00:00:00Z""],""isSale"":""false"",""sourceURLs"":[""http://www.amazon.com/Certified-Refurbished-Amazon-Previous-Generation/dp/B00DU15MU4""]}]",,,,5.0,http://www.amazon.com/Certified-Refurbished-Amazon-Previous-Generation/dp/B00DU15MU4,"I am not a casual user of on-demand content and devices. Having tried smart tv's from 3 brands, smart dvd/bluray players, Apple TV, WDTV, HTPC, Chromecast and too many other competing products to mention--for streaming content, before this box you really had two options (for a simple to use box that doesn't require additional items or tweaking):First is Apple TV which is easy to use (interface) but Apple limits the content you can get greatly (including no Prime Streaming built in) and it lacks a lot in features as well and is slow. The reason for selecting Apple TV is if you have other apple products that unlock features (like Amazon's content).The second option you could consider was Roku--which really means a Roku 3 box since it is heads and tails better than past Roku boxes in terms of remote and speed. Now Roku stands out with the most content and the most features of any box with the Roku 3. It is for that reason you will see me address the Roku 3 so often in this review.I have added quick summaries of other options to make sure everyone knows about the other options out there.WDTV: Are great for streaming your own content but not very user friendly.Chromecast: Is very cheap at 35 but requires other items to use (no remote included!), is limited to 16 channels according to their own site with other content broadcast via Chrome's browser not at the same quality level. This does allow you to browse the internet on your tv and is amazing for the cost but is more of a niche market than FireTV/Roku/Apple TV. But if you can live with the short comings, it is worth a look at 1/3 the price of these devices.Smart TVs: Most of these are FINE for occasional use but not nearly as pleasant to use daily like separate boxes.Read more","This box is a GAME CHANGER for on demand content! Amazon knocked it out of the park. Refreshed UPDATED with Tips! and HBO GO! 26,762 people found this helpful. Was this review helpful to you Yes No",,,William Hardin,,848719000000.0,
AVpff7_VilAPnD_xc1E_,B00DU15MU4,Amazon,"Categories,Amazon Devices,Streaming Media Players",,2016-02-03T04:11:33Z,2017-08-08T22:03:27Z,,848719000000.0,"848719035551,0848719035551,certifiedrefurbishedamazonfiretvpreviousgeneration1st/b00du15mu4",Amazon,,Certified Refurbished Amazon Fire TV (Previous Generation - 1st),"[{""amountMax"":94.00,""amountMin"":94.00,""condition"":""New"",""currency"":""USD"",""dateAdded"":""2017-08-08T22:03:27Z"",""dateSeen"":[""2017-08-04T07:34:48.337Z"",""2017-07-27T14:42:43.671Z""],""isSale"":""false"",""sourceURLs"":[""https://www.barcodable.com/upc/848719035551""]},{""amountMax"":94.00,""amountMin"":94.00,""currency"":""USD"",""dateAdded"":""2016-02-03T04:11:33Z"",""dateSeen"":[""2016-03-19T00:00:00Z""],""isSale"":""false"",""merchant"":""Amazon.com"",""shipping"":""FREE Shipping."",""sourceURLs"":[""http://www.amazon.com/Certified-Refurbished-Amazon-Previous-Generation/dp/B00DU15MU4""]},{""amountMax"":94.00,""amountMin"":94.00,""currency"":""USD"",""dateAdded"":""2016-02-03T04:11:33Z"",""dateSeen"":[""2016-03-20T00:00:00Z""],""isSale"":""false"",""shipping"":""FREE Shipping."",""sourceURLs"":[""http://www.amazon.com/Certified-Refurbished-Amazon-Previous-Generation/dp/B00DU15MU4"",""http://www.amazon.com/Certified-Refurbished-Amazon-Fire-TV/dp/B00DU15MU4""]},{""amountMax"":12.99,""amountMin"":12.99,""currency"":""USD"",""dateAdded"":""2016-02-03T04:11:33Z"",""dateSeen"":[""2016-03-18T00:00:00Z""],""isSale"":""false"",""sourceURLs"":[""http://www.amazon.com/Certified-Refurbished-Amazon-Previous-Generation/dp/B00DU15MU4""]}]",2014-04-03T00:00:00Z,,,,http://www.amazon.com/Certified-Refurbished-Amazon-Previous-Generation/dp/B00DU15MU4,"Having received my Fire TV today, I've been trying it out for the past couple of hours.Setup was a no brainer. It required an update immediately so it did take about 15 minutes to have it in action but the process was very simple.The image quality (movies and games) is excellent. I've tried several movies from Amazon Prime and they look and sound nearly Blu Ray quality as far as I can tell.Navigation is very straightforward and it's generally easy to find anything you're looking for. Installation of games and apps goes very smoothly and generally pretty quickly.The remote works very well. I haven't played with the voice search feature much yet, but when I have tried it, it worked well. The buttons on the remote are well thought out and I prefer it to the Apple TV remote.I only have one gripe. As far as I can tell, there's no way to limit the list of movies and tv shows to what is available for Amazon Prime members. This makes it very inconvenient to find things that are free to watch. There are some categories that are limited to Prime (Most Popular on Prime, For Kids on Prime) I want to be able to just see what's available for Prime or at least be able to see by category what's available for Prime. I'm sure this isn't an oversight. I suspect Amazon wants to force us to look at everything and be tempted to buy/rent things but if they really want to compete with Netflix, they'll understand that we pay for our Prime membership to be able to watch free movies conveniently. A workaround is to do your searching on the web and then search specifically on the device.Perhaps I just haven't found the way to search for Prime available content. I hope that's the case or I will really be disappointed.Read more","Works great with one critical flaw. (significantly improved) 7,377 of 7,844 people found this helpful. Was this review helpful to you Yes No",,,Gregory P. Baker,,848719000000.0,
AVpff7_VilAPnD_xc1E_,B00DU15MU4,Amazon,"Categories,Amazon Devices,Streaming Media Players",,2016-02-03T04:11:33Z,2017-08-08T22:03:27Z,,848719000000.0,"848719035551,0848719035551,certifiedrefurbishedamazonfiretvpreviousgeneration1st/b00du15mu4",Amazon,,Certified Refurbished Amazon Fire TV (Previous Generation - 1st),"[{""amountMax"":94.00,""amountMin"":94.00,""condition"":""New"",""currency"":""USD"",""dateAdded"":""2017-08-08T22:03:27Z"",""dateSeen"":[""2017-08-04T07:34:48.337Z"",""2017-07-27T14:42:43.671Z""],""isSale"":""false"",""sourceURLs"":[""https://www.barcodable.com/upc/848719035551""]},{""amountMax"":94.00,""amountMin"":94.00,""currency"":""USD"",""dateAdded"":""2016-02-03T04:11:33Z"",""dateSeen"":[""2016-03-19T00:00:00Z""],""isSale"":""false"",""merchant"":""Amazon.com"",""shipping"":""FREE Shipping."",""sourceURLs"":[""http://www.amazon.com/Certified-Refurbished-Amazon-Previous-Generation/dp/B00DU15MU4""]},{""amountMax"":94.00,""amountMin"":94.00,""currency"":""USD"",""dateAdded"":""2016-02-03T04:11:33Z"",""dateSeen"":[""2016-03-20T00:00:00Z""],""isSale"":""false"",""shipping"":""FREE Shipping."",""sourceURLs"":[""http://www.amazon.com/Certified-Refurbished-Amazon-Previous-Generation/dp/B00DU15MU4"",""http://www.amazon.com/Certified-Refurbished-Amazon-Fire-TV/dp/B00DU15MU4""]},{""amountMax"":12.99,""amountMin"":12.99,""currency"":""USD"",""dateAdded"":""2016-02-03T04:11:33Z"",""dateSeen"":[""2016-03-18T00:00:00Z""],""isSale"":""false"",""sourceURLs"":[""http://www.amazon.com/Certified-Refurbished-Amazon-Previous-Generation/dp/B00DU15MU4""]}]",,,,,http://www.amazon.com/Certified-Refurbished-Amazon-Previous-Generation/dp/B00DU15MU4,"I am not a casual user of on-demand content and devices. Having tried smart tv's from 3 brands, smart dvd/bluray players, Apple TV, WDTV, HTPC, Chromecast and too many other competing products to mention--for streaming content, before this box you really had two options (for a simple to use box that doesn't require additional items or tweaking):First is Apple TV which is easy to use (interface) but Apple limits the content you can get greatly (including no Prime Streaming built in) and it lacks a lot in features as well and is slow. The reason for selecting Apple TV is if you have other apple products that unlock features (like Amazon's content).The second option you could consider was Roku--which really means a Roku 3 box since it is heads and tails better than past Roku boxes in terms of remote and speed. Now Roku stands out with the most content and the most features of any box with the Roku 3. It is for that reason you will see me address the Roku 3 so often in this review.I have added quick summaries of other options to make sure everyone knows about the other options out there.WDTV: Are great for streaming your own content but not very user friendly.Chromecast: Is very cheap at 35 but requires other items to use (no remote included!), is limited to 16 channels according to their own site with other content broadcast via Chrome's browser not at the same quality level. This does allow you to browse the internet on your tv and is amazing for the cost but is more of a niche market than FireTV/Roku/Apple TV. But if you can live with the short comings, it is worth a look at 1/3 the price of these devices.Smart TVs: Most of these are FINE for occasional use but not nearly as pleasant to use daily like separate boxes.Read more","This box is a GAME CHANGER for on demand content! Amazon knocked it out of the park. Refreshed UPDATED with Tips! and HBO GO! 26,748 of 27,899 people found this helpful. Was this review helpful to you Yes No",,,William Hardin,,848719000000.0,
AVpff7_VilAPnD_xc1E_,B00DU15MU4,Amazon,"Categories,Amazon Devices,Streaming Media Players",,2016-02-03T04:11:33Z,2017-08-08T22:03:27Z,,848719000000.0,"848719035551,0848719035551,certifiedrefurbishedamazonfiretvpreviousgeneration1st/b00du15mu4",Amazon,,Certified Refurbished Amazon Fire TV (Previous Generation - 1st),"[{""amountMax"":94.00,""amountMin"":94.00,""condition"":""New"",""currency"":""USD"",""dateAdded"":""2017-08-08T22:03:27Z"",""dateSeen"":[""2017-08-04T07:34:48.337Z"",""2017-07-27T14:42:43.671Z""],""isSale"":""false"",""sourceURLs"":[""https://www.barcodable.com/upc/848719035551""]},{""amountMax"":94.00,""amountMin"":94.00,""currency"":""USD"",""dateAdded"":""2016-02-03T04:11:33Z"",""dateSeen"":[""2016-03-19T00:00:00Z""],""isSale"":""false"",""merchant"":""Amazon.com"",""shipping"":""FREE Shipping."",""sourceURLs"":[""http://www.amazon.com/Certified-Refurbished-Amazon-Previous-Generation/dp/B00DU15MU4""]},{""amountMax"":94.00,""amountMin"":94.00,""currency"":""USD"",""dateAdded"":""2016-02-03T04:11:33Z"",""dateSeen"":[""2016-03-20T00:00:00Z""],""isSale"":""false"",""shipping"":""FREE Shipping."",""sourceURLs"":[""http://www.amazon.com/Certified-Refurbished-Amazon-Previous-Generation/dp/B00DU15MU4"",""http://www.amazon.com/Certified-Refurbished-Amazon-Fire-TV/dp/B00DU15MU4""]},{""amountMax"":12.99,""amountMin"":12.99,""currency"":""USD"",""dateAdded"":""2016-02-03T04:11:33Z"",""dateSeen"":[""2016-03-18T00:00:00Z""],""isSale"":""false"",""sourceURLs"":[""http://www.amazon.com/Certified-Refurbished-Amazon-Previous-Generation/dp/B00DU15MU4""]}]",2014-04-03T00:00:00Z,,,,http://www.amazon.com/Certified-Refurbished-Amazon-Fire-TV/dp/B00DU15MU4,"Having received my Fire TV today, I've been trying it out for the past couple of hours.br /br /Setup was a no brainer. It required an update immediately so it did take about 15 minutes to have it in action but the process was very simple.br /br /The image quality (movies and games) is excellent. I've tried several movies from Amazon Prime and they look and sound nearly Blu Ray quality as far as I can tell.br /br /Navigation is very straightforward and it's generally easy to find anything you're looking for. Installation of games and apps goes very smoothly and generally pretty quickly.br /br /The remote works very well. I haven't played with the voice search feature much yet, but when I have tried it, it worked well. The buttons on the remote are well thought out and I prefer it to the Apple TV remote.br /br /I only have one gripe. As far as I can tell, there's no way to limit the list of movies and tv shows to what is available for Amazon Prime members. This makes it very inconvenient to find things that are free to watch. There are some categories that are limited to Prime (Most Popular on Prime, For Kids on Prime) I want to be able to just see what's available for Prime or at least be able to see by category what's available for Prime. I'm sure this isn't an oversight. I suspect Amazon wants to force us to look at everything and be tempted to buy/rent things but if they really want to compete with Netflix, they'll understand that we pay for our Prime membership to be able to watch free movies conveniently. A workaround is to do your searching on the web and then search specifically on the device.br /br /Perhaps I just haven't found the way to search for Prime available content.Read more",Works great with one critical flaw. (significantly improved),,,Gregory P. Baker,,848719000000.0,
AVpff7_VilAPnD_xc1E_,B00DU15MU4,Amazon,"Categories,Amazon Devices,Streaming Media Players",,2016-02-03T04:11:33Z,2017-08-08T22:03:27Z,,848719000000.0,"848719035551,0848719035551,certifiedrefurbishedamazonfiretvpreviousgeneration1st/b00du15mu4",Amazon,,Certified Refurbished Amazon Fire TV (Previous Generation - 1st),"[{""amountMax"":94.00,""amountMin"":94.00,""condition"":""New"",""currency"":""USD"",""dateAdded"":""2017-08-08T22:03:27Z"",""dateSeen"":[""2017-08-04T07:34:48.337Z"",""2017-07-27T14:42:43.671Z""],""isSale"":""false"",""sourceURLs"":[""https://www.barcodable.com/upc/848719035551""]},{""amountMax"":94.00,""amountMin"":94.00,""currency"":""USD"",""dateAdded"":""2016-02-03T04:11:33Z"",""dateSeen"":[""2016-03-19T00:00:00Z""],""isSale"":""false"",""merchant"":""Amazon.com"",""shipping"":""FREE Shipping."",""sourceURLs"":[""http://www.amazon.com/Certified-Refurbished-Amazon-Previous-Generation/dp/B00DU15MU4""]},{""amountMax"":94.00,""amountMin"":94.00,""currency"":""USD"",""dateAdded"":""2016-02-03T04:11:33Z"",""dateSeen"":[""2016-03-20T00:00:00Z""],""isSale"":""false"",""shipping"":""FREE Shipping."",""sourceURLs"":[""http://www.amazon.com/Certified-Refurbished-Amazon-Previous-Generation/dp/B00DU15MU4"",""http://www.amazon.com/Certified-Refurbished-Amazon-Fire-TV/dp/B00DU15MU4""]},{""amountMax"":12.99,""amountMin"":12.99,""currency"":""USD"",""dateAdded"":""2016-02-03T04:11:33Z"",""dateSeen"":[""2016-03-18T00:00:00Z""],""isSale"":""false"",""sourceURLs"":[""http://www.amazon.com/Certified-Refurbished-Amazon-Previous-Generation/dp/B00DU15MU4""]}]",,,,,http://www.amazon.com/Certified-Refurbished-Amazon-Fire-TV/dp/B00DU15MU4,"I am not a casual user of on-demand content and devices. Having tried smart tv's from 3 brands, smart dvd/bluray players, Apple TV, WDTV, HTPC, Chromecast and too many other competing products to mention--for streaming content, before this box you really had two options (for a simple to use box that doesn't require additional items or tweaking):br /br /First is Apple TV which is easy to use (interface) but Apple limits the content you can get greatly (including no Prime Streaming built in) and it lacks a lot in features as well and is slow. The reason for selecting Apple TV is if you have other apple products that unlock features (like Amazon's content).br /br /The second option you could consider was Roku--which really means a Roku 3 box since it is heads and tails better than past Roku boxes in terms of remote and speed. Now Roku stands out with the most content and the most features of any box with the Roku 3. It is for that reason you will see me address the Roku 3 so often in this review.br /br /I have added quick summaries of other options to make sure everyone knows about the other options out there.br /br /WDTV: Are great for streaming your own content but not very user friendly.br /br /Chromecast: Is very cheap at 35 but requires other items to use (no remote included!), is limited to 16 channels according to their own site with other content broadcast via Chrome's browser not at the same quality level. This does allow you to browse the internet on your tv and is amazing for the cost but is more of a niche market than FireTV/Roku/Apple TV. But if you can live with the short comings, it is worth a look at 1/3 the price of these devices.Read more",This box is a GAME CHANGER for on demand content! Amazon knocked it out of the park. Refreshed UPDATED with Tips! and HBO GO!,,,William Hardin,,848719000000.0,
AV00lzP7GV-KLJ3ac0uk,B01LW1MS9C,Amazon,Amazon Devices,,2017-07-12T02:18:30Z,2017-08-13T08:28:52Z,,,amazonechodotcasefitsechodot2ndgenerationonlyindigofabric/b01lw1ms9c,,,Amazon Echo Dot Case (fits Echo Dot 2nd Generation only) - Indigo Fabric,"[{""amountMax"":14.99,""amountMin"":14.99,""currency"":""USD"",""dateAdded"":""2017-08-13T08:28:52Z"",""dateSeen"":[""2017-07-25T23:52:21.319Z"",""2017-07-25T23:44:35.149Z"",""2017-07-25T17:21:16.779Z"",""2017-07-25T17:11:57.967Z"",""2017-07-21T02:22:25.987Z"",""2017-07-21T02:04:14.300Z"",""2017-07-21T01:59:26.266Z"",""2017-07-19T02:36:23.091Z"",""2017-07-19T01:49:12.902Z"",""2017-07-21T02:03:59.917Z"",""2017-07-15T12:49:30.983Z"",""2017-07-15T12:38:21.971Z"",""2017-06-30T15:56:59.809Z"",""2017-06-30T15:18:14.718Z""],""isSale"":""false"",""merchant"":""Amazon.com"",""shipping"":""FREE Shipping on orders over USD 25.00"",""sourceURLs"":[""https://www.amazon.com/Amazon-Echo-Case-fits-Generation/dp/B01K9KWA3U/ref=sr_1_18/144-2524480-1433355?s=fiona-hardware&ie=UTF8&qid=1500945240&sr=1-18"",""https://www.amazon.com/Amazon-Echo-Case-fits-Generation/dp/B01K9KWA3U/ref=sr_1_18/132-5615145-9127409?s=fiona-hardware&ie=UTF8&qid=1500945234&sr=1-18"",""https://www.amazon.com/Amazon-Echo-Case-fits-Generation/dp/B01K9KWA3U/ref=sr_1_18/133-8378918-9138721?s=fiona-hardware&ie=UTF8&qid=1500944909&sr=1-18"",""https://www.amazon.com/Amazon-Echo-Case-fits-Generation/dp/B01K9KWA3U/ref=sr_1_18/141-0458241-2772141?s=fiona-hardware&ie=UTF8&qid=1500944905&sr=1-18"",""https://www.amazon.com/Amazon-Echo-Case-fits-Generation/dp/B01K9KWA3U/ref=lp_370783011_1_12/130-3302769-4285400?s=fiona-hardware&ie=UTF8&qid=1500426735&sr=1-12"",""https://www.amazon.com/Amazon-Echo-Case-fits-Generation/dp/B01K9KWA3U/ref=lp_370783011_1_12/145-9786222-9510249?s=fiona-hardware&ie=UTF8&qid=1500428951&sr=1-12"",""https://www.amazon.com/Amazon-Echo-Case-fits-Generation/dp/B01K9KWA3U/ref=sr_1_16/141-3990536-5572063?s=fiona-hardware&ie=UTF8&qid=1500428951&sr=1-16"",""https://www.amazon.com/Amazon-Echo-Case-fits-Generation/dp/B01K9KWA3U/ref=lp_370783011_1_12/131-2035907-6671563?s=fiona-hardware&ie=UTF8&qid=1500427247&sr=1-12"",""https://www.amazon.com/Amazon-Echo-Case-fits-Generation/dp/B01K9KWA3U/ref=lp_370783011_1_12/130-3302769-4285400?s=fiona-hardware&ie=UTF8&qid=1500428951&sr=1-12"",""https://www.amazon.com/Amazon-Echo-Case-fits-Generation/dp/B01K9KWA3U/ref=sr_1_33/132-1677641-8459202?s=fiona-hardware&ie=UTF8&qid=1498832571&sr=1-33"",""https://www.amazon.com/Amazon-Echo-Case-fits-Generation/dp/B01K9KWA3U/ref=sr_1_49/133-0662908-7019505?s=fiona-hardware&ie=UTF8&qid=1498832574&sr=1-49"",""https://www.amazon.com/Amazon-Echo-Case-fits-Generation/dp/B01K9KWA3U/ref=sr_1_33/142-1958913-4523847?s=fiona-hardware&ie=UTF8&qid=1498827226&sr=1-33"",""https://www.amazon.com/Amazon-Echo-Case-fits-Generation/dp/B01K9KWA3U/ref=sr_1_33/132-6827770-3059607?s=fiona-hardware&ie=UTF8&qid=1498827213&sr=1-33""]},{""amountMax"":9.99,""amountMin"":9.99,""currency"":""USD"",""dateAdded"":""2017-08-13T08:28:52Z"",""dateSeen"":[""2017-07-25T23:52:21.319Z"",""2017-07-25T23:44:35.149Z"",""2017-07-25T17:21:16.779Z"",""2017-07-25T17:11:57.967Z"",""2017-07-21T02:22:25.987Z"",""2017-07-21T02:04:14.301Z"",""2017-07-21T01:59:26.267Z"",""2017-07-19T02:36:23.091Z"",""2017-07-19T01:49:12.902Z"",""2017-07-21T02:03:59.917Z"",""2017-07-15T12:49:30.983Z"",""2017-07-15T12:38:21.971Z""],""isSale"":""true"",""merchant"":""Amazon.com"",""shipping"":""FREE Shipping on orders over USD 25.00"",""sourceURLs"":[""https://www.amazon.com/Amazon-Echo-Case-fits-Generation/dp/B01K9KWA3U/ref=sr_1_18/144-2524480-1433355?s=fiona-hardware&ie=UTF8&qid=1500945240&sr=1-18"",""https://www.amazon.com/Amazon-Echo-Case-fits-Generation/dp/B01K9KWA3U/ref=sr_1_18/132-5615145-9127409?s=fiona-hardware&ie=UTF8&qid=1500945234&sr=1-18"",""https://www.amazon.com/Amazon-Echo-Case-fits-Generation/dp/B01K9KWA3U/ref=sr_1_18/133-8378918-9138721?s=fiona-hardware&ie=UTF8&qid=1500944909&sr=1-18"",""https://www.amazon.com/Amazon-Echo-Case-fits-Generation/dp/B01K9KWA3U/ref=sr_1_18/141-0458241-2772141?s=fiona-hardware&ie=UTF8&qid=1500944905&sr=1-18"",""https://www.amazon.com/Amazon-Echo-Case-fits-Generation/dp/B01K9KWA3U/ref=lp_370783011_1_12/130-3302769-4285400?s=fiona-hardware&ie=UTF8&qid=1500426735&sr=1-12"",""https://www.amazon.com/Amazon-Echo-Case-fits-Generation/dp/B01K9KWA3U/ref=lp_370783011_1_12/145-9786222-9510249?s=fiona-hardware&ie=UTF8&qid=1500428951&sr=1-12"",""https://www.amazon.com/Amazon-Echo-Case-fits-Generation/dp/B01K9KWA3U/ref=sr_1_16/141-3990536-5572063?s=fiona-hardware&ie=UTF8&qid=1500428951&sr=1-16"",""https://www.amazon.com/Amazon-Echo-Case-fits-Generation/dp/B01K9KWA3U/ref=lp_370783011_1_12/131-2035907-6671563?s=fiona-hardware&ie=UTF8&qid=1500427247&sr=1-12"",""https://www.amazon.com/Amazon-Echo-Case-fits-Generation/dp/B01K9KWA3U/ref=lp_370783011_1_12/130-3302769-4285400?s=fiona-hardware&ie=UTF8&qid=1500428951&sr=1-12"",""https://www.amazon.com/Amazon-Echo-Case-fits-Generation/dp/B01K9KWA3U/ref=sr_1_33/132-1677641-8459202?s=fiona-hardware&ie=UTF8&qid=1498832571&sr=1-33"",""https://www.amazon.com/Amazon-Echo-Case-fits-Generation/dp/B01K9KWA3U/ref=sr_1_49/133-0662908-7019505?s=fiona-hardware&ie=UTF8&qid=1498832574&sr=1-49""]}]",2017-01-30T00:00:00.000Z,,126.0,5.0,"https://www.amazon.com/Amazon-Echo-Case-fits-Generation/dp/B01K9KWA3U/ref=sr_1_18/144-2524480-1433355?s=fiona-hardware&ie=UTF8&qid=1500945240&sr=1-18,https://www.amazon.com/Amazon-Echo-Case-fits-Generation/dp/B01K9KWA3U/ref=sr_1_18/132-5615145-9127409?s=fiona-hardware&ie=UTF8&qid=1500945234&sr=1-18,https://www.amazon.com/Amazon-Echo-Case-fits-Generation/dp/B01K9KWA3U/ref=sr_1_18/133-8378918-9138721?s=fiona-hardware&ie=UTF8&qid=1500944909&sr=1-18,https://www.amazon.com/Amazon-Echo-Case-fits-Generation/dp/B01K9KWA3U/ref=sr_1_18/141-0458241-2772141?s=fiona-hardware&ie=UTF8&qid=1500944905&sr=1-18,https://www.amazon.com/Amazon-Echo-Case-fits-Generation/dp/B01K9KWA3U/ref=lp_370783011_1_12/130-3302769-4285400?s=fiona-hardware&ie=UTF8&qid=1500426735&sr=1-12,https://www.amazon.com/Amazon-Echo-Case-fits-Generation/dp/B01K9KWA3U/ref=lp_370783011_1_12/145-9786222-9510249?s=fiona-hardware&ie=UTF8&qid=1500428951&sr=1-12,https://www.amazon.com/Amazon-Echo-Case-fits-Generation/dp/B01K9KWA3U/ref=sr_1_16/141-3990536-5572063?s=fiona-hardware&ie=UTF8&qid=1500428951&sr=1-16,https://www.amazon.com/Amazon-Echo-Case-fits-Generation/dp/B01K9KWA3U/ref=lp_370783011_1_12/131-2035907-6671563?s=fiona-hardware&ie=UTF8&qid=1500427247&sr=1-12,https://www.amazon.com/Amazon-Echo-Case-fits-Generation/dp/B01K9KWA3U/ref=lp_370783011_1_12/130-3302769-4285400?s=fiona-hardware&ie=UTF8&qid=1500428951&sr=1-12,https://www.amazon.com/Amazon-Echo-Case-fits-Generation/dp/B01K9KWA3U/ref=sr_1_33/132-1677641-8459202?s=fiona-hardware&ie=UTF8&qid=1498832571&sr=1-33,https://www.amazon.com/Amazon-Echo-Case-fits-Generation/dp/B01K9KWA3U/ref=sr_1_49/133-0662908-7019505?s=fiona-hardware&ie=UTF8&qid=1498832574&sr=1-49","I'm a huge fan of the Echo family. I have two Echo's, three Dots and one Tap. No they aren't essential to my life but I love playing music, listening to the news and controlling the Philips Hue smart lights throughout my home. It was a large investment that most of the population won't make - with that being said I am not a huge fan of the way the hockey puck Dots look like. Glossy plastic looks a little cheap to me although it has no effect on the performance of them. Having the Dot cover is a great option and it looks fantastic.Some reviewers say they look cheap or fit too loose - I'm not sure why people are moving their Dots. Since Dots are made to be stationary, have a loose fitting cover isn't an issue. To me, it fits perfectly. They also aren't made of real fabric, but the important part is that it does look like the fabric in the picture. Not being fabric is a better option considering plastic is much more durable than material and will hold its color better if your Dot happens to get sunlight.I bought three covers - Blue, Grey and White. They all look good but the grey is my favorite as it doesn't attract more attention than it needs to. With that being said, I like all three colors.Edit 07/11/2017 - These covers hold up well over time. Mine haven't collected dust or faded. I've kept them on for over half a year and not a single issue (not that I'd expect any besides possible fading).",Great upgrade for aesthetics,,,D. Miyao,,,
AV00lzP7GV-KLJ3ac0uk,B01LW1MS9C,Amazon,Amazon Devices,,2017-07-12T02:18:30Z,2017-08-13T08:28:52Z,,,amazonechodotcasefitsechodot2ndgenerationonlyindigofabric/b01lw1ms9c,,,Amazon Echo Dot Case (fits Echo Dot 2nd Generation only) - Indigo Fabric,"[{""amountMax"":14.99,""amountMin"":14.99,""currency"":""USD"",""dateAdded"":""2017-08-13T08:28:52Z"",""dateSeen"":[""2017-07-25T23:52:21.319Z"",""2017-07-25T23:44:35.149Z"",""2017-07-25T17:21:16.779Z"",""2017-07-25T17:11:57.967Z"",""2017-07-21T02:22:25.987Z"",""2017-07-21T02:04:14.300Z"",""2017-07-21T01:59:26.266Z"",""2017-07-19T02:36:23.091Z"",""2017-07-19T01:49:12.902Z"",""2017-07-21T02:03:59.917Z"",""2017-07-15T12:49:30.983Z"",""2017-07-15T12:38:21.971Z"",""2017-06-30T15:56:59.809Z"",""2017-06-30T15:18:14.718Z""],""isSale"":""false"",""merchant"":""Amazon.com"",""shipping"":""FREE Shipping on orders over USD 25.00"",""sourceURLs"":[""https://www.amazon.com/Amazon-Echo-Case-fits-Generation/dp/B01K9KWA3U/ref=sr_1_18/144-2524480-1433355?s=fiona-hardware&ie=UTF8&qid=1500945240&sr=1-18"",""https://www.amazon.com/Amazon-Echo-Case-fits-Generation/dp/B01K9KWA3U/ref=sr_1_18/132-5615145-9127409?s=fiona-hardware&ie=UTF8&qid=1500945234&sr=1-18"",""https://www.amazon.com/Amazon-Echo-Case-fits-Generation/dp/B01K9KWA3U/ref=sr_1_18/133-8378918-9138721?s=fiona-hardware&ie=UTF8&qid=1500944909&sr=1-18"",""https://www.amazon.com/Amazon-Echo-Case-fits-Generation/dp/B01K9KWA3U/ref=sr_1_18/141-0458241-2772141?s=fiona-hardware&ie=UTF8&qid=1500944905&sr=1-18"",""https://www.amazon.com/Amazon-Echo-Case-fits-Generation/dp/B01K9KWA3U/ref=lp_370783011_1_12/130-3302769-4285400?s=fiona-hardware&ie=UTF8&qid=1500426735&sr=1-12"",""https://www.amazon.com/Amazon-Echo-Case-fits-Generation/dp/B01K9KWA3U/ref=lp_370783011_1_12/145-9786222-9510249?s=fiona-hardware&ie=UTF8&qid=1500428951&sr=1-12"",""https://www.amazon.com/Amazon-Echo-Case-fits-Generation/dp/B01K9KWA3U/ref=sr_1_16/141-3990536-5572063?s=fiona-hardware&ie=UTF8&qid=1500428951&sr=1-16"",""https://www.amazon.com/Amazon-Echo-Case-fits-Generation/dp/B01K9KWA3U/ref=lp_370783011_1_12/131-2035907-6671563?s=fiona-hardware&ie=UTF8&qid=1500427247&sr=1-12"",""https://www.amazon.com/Amazon-Echo-Case-fits-Generation/dp/B01K9KWA3U/ref=lp_370783011_1_12/130-3302769-4285400?s=fiona-hardware&ie=UTF8&qid=1500428951&sr=1-12"",""https://www.amazon.com/Amazon-Echo-Case-fits-Generation/dp/B01K9KWA3U/ref=sr_1_33/132-1677641-8459202?s=fiona-hardware&ie=UTF8&qid=1498832571&sr=1-33"",""https://www.amazon.com/Amazon-Echo-Case-fits-Generation/dp/B01K9KWA3U/ref=sr_1_49/133-0662908-7019505?s=fiona-hardware&ie=UTF8&qid=1498832574&sr=1-49"",""https://www.amazon.com/Amazon-Echo-Case-fits-Generation/dp/B01K9KWA3U/ref=sr_1_33/142-1958913-4523847?s=fiona-hardware&ie=UTF8&qid=1498827226&sr=1-33"",""https://www.amazon.com/Amazon-Echo-Case-fits-Generation/dp/B01K9KWA3U/ref=sr_1_33/132-6827770-3059607?s=fiona-hardware&ie=UTF8&qid=1498827213&sr=1-33""]},{""amountMax"":9.99,""amountMin"":9.99,""currency"":""USD"",""dateAdded"":""2017-08-13T08:28:52Z"",""dateSeen"":[""2017-07-25T23:52:21.319Z"",""2017-07-25T23:44:35.149Z"",""2017-07-25T17:21:16.779Z"",""2017-07-25T17:11:57.967Z"",""2017-07-21T02:22:25.987Z"",""2017-07-21T02:04:14.301Z"",""2017-07-21T01:59:26.267Z"",""2017-07-19T02:36:23.091Z"",""2017-07-19T01:49:12.902Z"",""2017-07-21T02:03:59.917Z"",""2017-07-15T12:49:30.983Z"",""2017-07-15T12:38:21.971Z""],""isSale"":""true"",""merchant"":""Amazon.com"",""shipping"":""FREE Shipping on orders over USD 25.00"",""sourceURLs"":[""https://www.amazon.com/Amazon-Echo-Case-fits-Generation/dp/B01K9KWA3U/ref=sr_1_18/144-2524480-1433355?s=fiona-hardware&ie=UTF8&qid=1500945240&sr=1-18"",""https://www.amazon.com/Amazon-Echo-Case-fits-Generation/dp/B01K9KWA3U/ref=sr_1_18/132-5615145-9127409?s=fiona-hardware&ie=UTF8&qid=1500945234&sr=1-18"",""https://www.amazon.com/Amazon-Echo-Case-fits-Generation/dp/B01K9KWA3U/ref=sr_1_18/133-8378918-9138721?s=fiona-hardware&ie=UTF8&qid=1500944909&sr=1-18"",""https://www.amazon.com/Amazon-Echo-Case-fits-Generation/dp/B01K9KWA3U/ref=sr_1_18/141-0458241-2772141?s=fiona-hardware&ie=UTF8&qid=1500944905&sr=1-18"",""https://www.amazon.com/Amazon-Echo-Case-fits-Generation/dp/B01K9KWA3U/ref=lp_370783011_1_12/130-3302769-4285400?s=fiona-hardware&ie=UTF8&qid=1500426735&sr=1-12"",""https://www.amazon.com/Amazon-Echo-Case-fits-Generation/dp/B01K9KWA3U/ref=lp_370783011_1_12/145-9786222-9510249?s=fiona-hardware&ie=UTF8&qid=1500428951&sr=1-12"",""https://www.amazon.com/Amazon-Echo-Case-fits-Generation/dp/B01K9KWA3U/ref=sr_1_16/141-3990536-5572063?s=fiona-hardware&ie=UTF8&qid=1500428951&sr=1-16"",""https://www.amazon.com/Amazon-Echo-Case-fits-Generation/dp/B01K9KWA3U/ref=lp_370783011_1_12/131-2035907-6671563?s=fiona-hardware&ie=UTF8&qid=1500427247&sr=1-12"",""https://www.amazon.com/Amazon-Echo-Case-fits-Generation/dp/B01K9KWA3U/ref=lp_370783011_1_12/130-3302769-4285400?s=fiona-hardware&ie=UTF8&qid=1500428951&sr=1-12"",""https://www.amazon.com/Amazon-Echo-Case-fits-Generation/dp/B01K9KWA3U/ref=sr_1_33/132-1677641-8459202?s=fiona-hardware&ie=UTF8&qid=1498832571&sr=1-33"",""https://www.amazon.com/Amazon-Echo-Case-fits-Generation/dp/B01K9KWA3U/ref=sr_1_49/133-0662908-7019505?s=fiona-hardware&ie=UTF8&qid=1498832574&sr=1-49""]}]",2016-11-06T00:00:00.000Z,,303.0,5.0,"https://www.amazon.com/Amazon-Echo-Case-fits-Generation/dp/B01K9KWA3U/ref=sr_1_18/144-2524480-1433355?s=fiona-hardware&ie=UTF8&qid=1500945240&sr=1-18,https://www.amazon.com/Amazon-Echo-Case-fits-Generation/dp/B01K9KWA3U/ref=sr_1_18/132-5615145-9127409?s=fiona-hardware&ie=UTF8&qid=1500945234&sr=1-18,https://www.amazon.com/Amazon-Echo-Case-fits-Generation/dp/B01K9KWA3U/ref=sr_1_18/133-8378918-9138721?s=fiona-hardware&ie=UTF8&qid=1500944909&sr=1-18,https://www.amazon.com/Amazon-Echo-Case-fits-Generation/dp/B01K9KWA3U/ref=sr_1_18/141-0458241-2772141?s=fiona-hardware&ie=UTF8&qid=1500944905&sr=1-18,https://www.amazon.com/Amazon-Echo-Case-fits-Generation/dp/B01K9KWA3U/ref=lp_370783011_1_12/130-3302769-4285400?s=fiona-hardware&ie=UTF8&qid=1500426735&sr=1-12,https://www.amazon.com/Amazon-Echo-Case-fits-Generation/dp/B01K9KWA3U/ref=lp_370783011_1_12/145-9786222-9510249?s=fiona-hardware&ie=UTF8&qid=1500428951&sr=1-12,https://www.amazon.com/Amazon-Echo-Case-fits-Generation/dp/B01K9KWA3U/ref=sr_1_16/141-3990536-5572063?s=fiona-hardware&ie=UTF8&qid=1500428951&sr=1-16,https://www.amazon.com/Amazon-Echo-Case-fits-Generation/dp/B01K9KWA3U/ref=lp_370783011_1_12/131-2035907-6671563?s=fiona-hardware&ie=UTF8&qid=1500427247&sr=1-12,https://www.amazon.com/Amazon-Echo-Case-fits-Generation/dp/B01K9KWA3U/ref=lp_370783011_1_12/130-3302769-4285400?s=fiona-hardware&ie=UTF8&qid=1500428951&sr=1-12,https://www.amazon.com/Amazon-Echo-Case-fits-Generation/dp/B01K9KWA3U/ref=sr_1_33/132-1677641-8459202?s=fiona-hardware&ie=UTF8&qid=1498832571&sr=1-33,https://www.amazon.com/Amazon-Echo-Case-fits-Generation/dp/B01K9KWA3U/ref=sr_1_49/133-0662908-7019505?s=fiona-hardware&ie=UTF8&qid=1498832574&sr=1-49,https://www.amazon.com/Amazon-Echo-Case-fits-Generation/dp/B01K9KWA3U/ref=sr_1_33/142-1958913-4523847?s=fiona-hardware&ie=UTF8&qid=1498827226&sr=1-33,https://www.amazon.com/Amazon-Echo-Case-fits-Generation/dp/B01K9KWA3U/ref=sr_1_33/132-6827770-3059607?s=fiona-hardware&ie=UTF8&qid=1498827213&sr=1-33","I am thoroughly impressed with my Echo Dot and this case takes it to the next level by appearing as a much higher end product vs. a nerdy plastic computer sitting on your kitchen countertop. The construction is solid and it is slightly lifted to still allow audio access from the bottom of the Echo. This case/cover will give your Echo the needed extra touch allowing it to blend in, but still offer the great functionality of Alexa.",The Extra Touch,,,dm,,,
AV00lzP7GV-KLJ3ac0uk,B01LW1MS9C,Amazon,Amazon Devices,,2017-07-12T02:18:30Z,2017-08-13T08:28:52Z,,,amazonechodotcasefitsechodot2ndgenerationonlyindigofabric/b01lw1ms9c,,,Amazon Echo Dot Case (fits Echo Dot 2nd Generation only) - Indigo Fabric,"[{""amountMax"":14.99,""amountMin"":14.99,""currency"":""USD"",""dateAdded"":""2017-08-13T08:28:52Z"",""dateSeen"":[""2017-07-25T23:52:21.319Z"",""2017-07-25T23:44:35.149Z"",""2017-07-25T17:21:16.779Z"",""2017-07-25T17:11:57.967Z"",""2017-07-21T02:22:25.987Z"",""2017-07-21T02:04:14.300Z"",""2017-07-21T01:59:26.266Z"",""2017-07-19T02:36:23.091Z"",""2017-07-19T01:49:12.902Z"",""2017-07-21T02:03:59.917Z"",""2017-07-15T12:49:30.983Z"",""2017-07-15T12:38:21.971Z"",""2017-06-30T15:56:59.809Z"",""2017-06-30T15:18:14.718Z""],""isSale"":""false"",""merchant"":""Amazon.com"",""shipping"":""FREE Shipping on orders over USD 25.00"",""sourceURLs"":[""https://www.amazon.com/Amazon-Echo-Case-fits-Generation/dp/B01K9KWA3U/ref=sr_1_18/144-2524480-1433355?s=fiona-hardware&ie=UTF8&qid=1500945240&sr=1-18"",""https://www.amazon.com/Amazon-Echo-Case-fits-Generation/dp/B01K9KWA3U/ref=sr_1_18/132-5615145-9127409?s=fiona-hardware&ie=UTF8&qid=1500945234&sr=1-18"",""https://www.amazon.com/Amazon-Echo-Case-fits-Generation/dp/B01K9KWA3U/ref=sr_1_18/133-8378918-9138721?s=fiona-hardware&ie=UTF8&qid=1500944909&sr=1-18"",""https://www.amazon.com/Amazon-Echo-Case-fits-Generation/dp/B01K9KWA3U/ref=sr_1_18/141-0458241-2772141?s=fiona-hardware&ie=UTF8&qid=1500944905&sr=1-18"",""https://www.amazon.com/Amazon-Echo-Case-fits-Generation/dp/B01K9KWA3U/ref=lp_370783011_1_12/130-3302769-4285400?s=fiona-hardware&ie=UTF8&qid=1500426735&sr=1-12"",""https://www.amazon.com/Amazon-Echo-Case-fits-Generation/dp/B01K9KWA3U/ref=lp_370783011_1_12/145-9786222-9510249?s=fiona-hardware&ie=UTF8&qid=1500428951&sr=1-12"",""https://www.amazon.com/Amazon-Echo-Case-fits-Generation/dp/B01K9KWA3U/ref=sr_1_16/141-3990536-5572063?s=fiona-hardware&ie=UTF8&qid=1500428951&sr=1-16"",""https://www.amazon.com/Amazon-Echo-Case-fits-Generation/dp/B01K9KWA3U/ref=lp_370783011_1_12/131-2035907-6671563?s=fiona-hardware&ie=UTF8&qid=1500427247&sr=1-12"",""https://www.amazon.com/Amazon-Echo-Case-fits-Generation/dp/B01K9KWA3U/ref=lp_370783011_1_12/130-3302769-4285400?s=fiona-hardware&ie=UTF8&qid=1500428951&sr=1-12"",""https://www.amazon.com/Amazon-Echo-Case-fits-Generation/dp/B01K9KWA3U/ref=sr_1_33/132-1677641-8459202?s=fiona-hardware&ie=UTF8&qid=1498832571&sr=1-33"",""https://www.amazon.com/Amazon-Echo-Case-fits-Generation/dp/B01K9KWA3U/ref=sr_1_49/133-0662908-7019505?s=fiona-hardware&ie=UTF8&qid=1498832574&sr=1-49"",""https://www.amazon.com/Amazon-Echo-Case-fits-Generation/dp/B01K9KWA3U/ref=sr_1_33/142-1958913-4523847?s=fiona-hardware&ie=UTF8&qid=1498827226&sr=1-33"",""https://www.amazon.com/Amazon-Echo-Case-fits-Generation/dp/B01K9KWA3U/ref=sr_1_33/132-6827770-3059607?s=fiona-hardware&ie=UTF8&qid=1498827213&sr=1-33""]},{""amountMax"":9.99,""amountMin"":9.99,""currency"":""USD"",""dateAdded"":""2017-08-13T08:28:52Z"",""dateSeen"":[""2017-07-25T23:52:21.319Z"",""2017-07-25T23:44:35.149Z"",""2017-07-25T17:21:16.779Z"",""2017-07-25T17:11:57.967Z"",""2017-07-21T02:22:25.987Z"",""2017-07-21T02:04:14.301Z"",""2017-07-21T01:59:26.267Z"",""2017-07-19T02:36:23.091Z"",""2017-07-19T01:49:12.902Z"",""2017-07-21T02:03:59.917Z"",""2017-07-15T12:49:30.983Z"",""2017-07-15T12:38:21.971Z""],""isSale"":""true"",""merchant"":""Amazon.com"",""shipping"":""FREE Shipping on orders over USD 25.00"",""sourceURLs"":[""https://www.amazon.com/Amazon-Echo-Case-fits-Generation/dp/B01K9KWA3U/ref=sr_1_18/144-2524480-1433355?s=fiona-hardware&ie=UTF8&qid=1500945240&sr=1-18"",""https://www.amazon.com/Amazon-Echo-Case-fits-Generation/dp/B01K9KWA3U/ref=sr_1_18/132-5615145-9127409?s=fiona-hardware&ie=UTF8&qid=1500945234&sr=1-18"",""https://www.amazon.com/Amazon-Echo-Case-fits-Generation/dp/B01K9KWA3U/ref=sr_1_18/133-8378918-9138721?s=fiona-hardware&ie=UTF8&qid=1500944909&sr=1-18"",""https://www.amazon.com/Amazon-Echo-Case-fits-Generation/dp/B01K9KWA3U/ref=sr_1_18/141-0458241-2772141?s=fiona-hardware&ie=UTF8&qid=1500944905&sr=1-18"",""https://www.amazon.com/Amazon-Echo-Case-fits-Generation/dp/B01K9KWA3U/ref=lp_370783011_1_12/130-3302769-4285400?s=fiona-hardware&ie=UTF8&qid=1500426735&sr=1-12"",""https://www.amazon.com/Amazon-Echo-Case-fits-Generation/dp/B01K9KWA3U/ref=lp_370783011_1_12/145-9786222-9510249?s=fiona-hardware&ie=UTF8&qid=1500428951&sr=1-12"",""https://www.amazon.com/Amazon-Echo-Case-fits-Generation/dp/B01K9KWA3U/ref=sr_1_16/141-3990536-5572063?s=fiona-hardware&ie=UTF8&qid=1500428951&sr=1-16"",""https://www.amazon.com/Amazon-Echo-Case-fits-Generation/dp/B01K9KWA3U/ref=lp_370783011_1_12/131-2035907-6671563?s=fiona-hardware&ie=UTF8&qid=1500427247&sr=1-12"",""https://www.amazon.com/Amazon-Echo-Case-fits-Generation/dp/B01K9KWA3U/ref=lp_370783011_1_12/130-3302769-4285400?s=fiona-hardware&ie=UTF8&qid=1500428951&sr=1-12"",""https://www.amazon.com/Amazon-Echo-Case-fits-Generation/dp/B01K9KWA3U/ref=sr_1_33/132-1677641-8459202?s=fiona-hardware&ie=UTF8&qid=1498832571&sr=1-33"",""https://www.amazon.com/Amazon-Echo-Case-fits-Generation/dp/B01K9KWA3U/ref=sr_1_49/133-0662908-7019505?s=fiona-hardware&ie=UTF8&qid=1498832574&sr=1-49""]}]",2016-11-11T00:00:00.000Z,,138.0,4.0,"https://www.amazon.com/Amazon-Echo-Case-fits-Generation/dp/B01K9KWA3U/ref=sr_1_18/144-2524480-1433355?s=fiona-hardware&ie=UTF8&qid=1500945240&sr=1-18,https://www.amazon.com/Amazon-Echo-Case-fits-Generation/dp/B01K9KWA3U/ref=sr_1_18/132-5615145-9127409?s=fiona-hardware&ie=UTF8&qid=1500945234&sr=1-18,https://www.amazon.com/Amazon-Echo-Case-fits-Generation/dp/B01K9KWA3U/ref=sr_1_18/133-8378918-9138721?s=fiona-hardware&ie=UTF8&qid=1500944909&sr=1-18,https://www.amazon.com/Amazon-Echo-Case-fits-Generation/dp/B01K9KWA3U/ref=sr_1_18/141-0458241-2772141?s=fiona-hardware&ie=UTF8&qid=1500944905&sr=1-18,https://www.amazon.com/Amazon-Echo-Case-fits-Generation/dp/B01K9KWA3U/ref=lp_370783011_1_12/130-3302769-4285400?s=fiona-hardware&ie=UTF8&qid=1500426735&sr=1-12,https://www.amazon.com/Amazon-Echo-Case-fits-Generation/dp/B01K9KWA3U/ref=lp_370783011_1_12/145-9786222-9510249?s=fiona-hardware&ie=UTF8&qid=1500428951&sr=1-12,https://www.amazon.com/Amazon-Echo-Case-fits-Generation/dp/B01K9KWA3U/ref=sr_1_16/141-3990536-5572063?s=fiona-hardware&ie=UTF8&qid=1500428951&sr=1-16,https://www.amazon.com/Amazon-Echo-Case-fits-Generation/dp/B01K9KWA3U/ref=lp_370783011_1_12/131-2035907-6671563?s=fiona-hardware&ie=UTF8&qid=1500427247&sr=1-12,https://www.amazon.com/Amazon-Echo-Case-fits-Generation/dp/B01K9KWA3U/ref=lp_370783011_1_12/130-3302769-4285400?s=fiona-hardware&ie=UTF8&qid=1500428951&sr=1-12,https://www.amazon.com/Amazon-Echo-Case-fits-Generation/dp/B01K9KWA3U/ref=sr_1_33/132-1677641-8459202?s=fiona-hardware&ie=UTF8&qid=1498832571&sr=1-33,https://www.amazon.com/Amazon-Echo-Case-fits-Generation/dp/B01K9KWA3U/ref=sr_1_49/133-0662908-7019505?s=fiona-hardware&ie=UTF8&qid=1498832574&sr=1-49,https://www.amazon.com/Amazon-Echo-Case-fits-Generation/dp/B01K9KWA3U/ref=sr_1_33/142-1958913-4523847?s=fiona-hardware&ie=UTF8&qid=1498827226&sr=1-33,https://www.amazon.com/Amazon-Echo-Case-fits-Generation/dp/B01K9KWA3U/ref=sr_1_33/132-6827770-3059607?s=fiona-hardware&ie=UTF8&qid=1498827213&sr=1-33","I love everything about this case except for how it fits on the Echo Dot. I was expecting a snug fit however, it is very lose and so you have to make sure that if you pick it up to move it (and the power cable is disconnected), the dot will fall out of the case.",Great case with minor design flaws,,,Corey Clarke,,,
AV00lzP7GV-KLJ3ac0uk,B01LW1MS9C,Amazon,Amazon Devices,,2017-07-12T02:18:30Z,2017-08-13T08:28:52Z,,,amazonechodotcasefitsechodot2ndgenerationonlyindigofabric/b01lw1ms9c,,,Amazon Echo Dot Case (fits Echo Dot 2nd Generation only) - Indigo Fabric,"[{""amountMax"":14.99,""amountMin"":14.99,""currency"":""USD"",""dateAdded"":""2017-08-13T08:28:52Z"",""dateSeen"":[""2017-07-25T23:52:21.319Z"",""2017-07-25T23:44:35.149Z"",""2017-07-25T17:21:16.779Z"",""2017-07-25T17:11:57.967Z"",""2017-07-21T02:22:25.987Z"",""2017-07-21T02:04:14.300Z"",""2017-07-21T01:59:26.266Z"",""2017-07-19T02:36:23.091Z"",""2017-07-19T01:49:12.902Z"",""2017-07-21T02:03:59.917Z"",""2017-07-15T12:49:30.983Z"",""2017-07-15T12:38:21.971Z"",""2017-06-30T15:56:59.809Z"",""2017-06-30T15:18:14.718Z""],""isSale"":""false"",""merchant"":""Amazon.com"",""shipping"":""FREE Shipping on orders over USD 25.00"",""sourceURLs"":[""https://www.amazon.com/Amazon-Echo-Case-fits-Generation/dp/B01K9KWA3U/ref=sr_1_18/144-2524480-1433355?s=fiona-hardware&ie=UTF8&qid=1500945240&sr=1-18"",""https://www.amazon.com/Amazon-Echo-Case-fits-Generation/dp/B01K9KWA3U/ref=sr_1_18/132-5615145-9127409?s=fiona-hardware&ie=UTF8&qid=1500945234&sr=1-18"",""https://www.amazon.com/Amazon-Echo-Case-fits-Generation/dp/B01K9KWA3U/ref=sr_1_18/133-8378918-9138721?s=fiona-hardware&ie=UTF8&qid=1500944909&sr=1-18"",""https://www.amazon.com/Amazon-Echo-Case-fits-Generation/dp/B01K9KWA3U/ref=sr_1_18/141-0458241-2772141?s=fiona-hardware&ie=UTF8&qid=1500944905&sr=1-18"",""https://www.amazon.com/Amazon-Echo-Case-fits-Generation/dp/B01K9KWA3U/ref=lp_370783011_1_12/130-3302769-4285400?s=fiona-hardware&ie=UTF8&qid=1500426735&sr=1-12"",""https://www.amazon.com/Amazon-Echo-Case-fits-Generation/dp/B01K9KWA3U/ref=lp_370783011_1_12/145-9786222-9510249?s=fiona-hardware&ie=UTF8&qid=1500428951&sr=1-12"",""https://www.amazon.com/Amazon-Echo-Case-fits-Generation/dp/B01K9KWA3U/ref=sr_1_16/141-3990536-5572063?s=fiona-hardware&ie=UTF8&qid=1500428951&sr=1-16"",""https://www.amazon.com/Amazon-Echo-Case-fits-Generation/dp/B01K9KWA3U/ref=lp_370783011_1_12/131-2035907-6671563?s=fiona-hardware&ie=UTF8&qid=1500427247&sr=1-12"",""https://www.amazon.com/Amazon-Echo-Case-fits-Generation/dp/B01K9KWA3U/ref=lp_370783011_1_12/130-3302769-4285400?s=fiona-hardware&ie=UTF8&qid=1500428951&sr=1-12"",""https://www.amazon.com/Amazon-Echo-Case-fits-Generation/dp/B01K9KWA3U/ref=sr_1_33/132-1677641-8459202?s=fiona-hardware&ie=UTF8&qid=1498832571&sr=1-33"",""https://www.amazon.com/Amazon-Echo-Case-fits-Generation/dp/B01K9KWA3U/ref=sr_1_49/133-0662908-7019505?s=fiona-hardware&ie=UTF8&qid=1498832574&sr=1-49"",""https://www.amazon.com/Amazon-Echo-Case-fits-Generation/dp/B01K9KWA3U/ref=sr_1_33/142-1958913-4523847?s=fiona-hardware&ie=UTF8&qid=1498827226&sr=1-33"",""https://www.amazon.com/Amazon-Echo-Case-fits-Generation/dp/B01K9KWA3U/ref=sr_1_33/132-6827770-3059607?s=fiona-hardware&ie=UTF8&qid=1498827213&sr=1-33""]},{""amountMax"":9.99,""amountMin"":9.99,""currency"":""USD"",""dateAdded"":""2017-08-13T08:28:52Z"",""dateSeen"":[""2017-07-25T23:52:21.319Z"",""2017-07-25T23:44:35.149Z"",""2017-07-25T17:21:16.779Z"",""2017-07-25T17:11:57.967Z"",""2017-07-21T02:22:25.987Z"",""2017-07-21T02:04:14.301Z"",""2017-07-21T01:59:26.267Z"",""2017-07-19T02:36:23.091Z"",""2017-07-19T01:49:12.902Z"",""2017-07-21T02:03:59.917Z"",""2017-07-15T12:49:30.983Z"",""2017-07-15T12:38:21.971Z""],""isSale"":""true"",""merchant"":""Amazon.com"",""shipping"":""FREE Shipping on orders over USD 25.00"",""sourceURLs"":[""https://www.amazon.com/Amazon-Echo-Case-fits-Generation/dp/B01K9KWA3U/ref=sr_1_18/144-2524480-1433355?s=fiona-hardware&ie=UTF8&qid=1500945240&sr=1-18"",""https://www.amazon.com/Amazon-Echo-Case-fits-Generation/dp/B01K9KWA3U/ref=sr_1_18/132-5615145-9127409?s=fiona-hardware&ie=UTF8&qid=1500945234&sr=1-18"",""https://www.amazon.com/Amazon-Echo-Case-fits-Generation/dp/B01K9KWA3U/ref=sr_1_18/133-8378918-9138721?s=fiona-hardware&ie=UTF8&qid=1500944909&sr=1-18"",""https://www.amazon.com/Amazon-Echo-Case-fits-Generation/dp/B01K9KWA3U/ref=sr_1_18/141-0458241-2772141?s=fiona-hardware&ie=UTF8&qid=1500944905&sr=1-18"",""https://www.amazon.com/Amazon-Echo-Case-fits-Generation/dp/B01K9KWA3U/ref=lp_370783011_1_12/130-3302769-4285400?s=fiona-hardware&ie=UTF8&qid=1500426735&sr=1-12"",""https://www.amazon.com/Amazon-Echo-Case-fits-Generation/dp/B01K9KWA3U/ref=lp_370783011_1_12/145-9786222-9510249?s=fiona-hardware&ie=UTF8&qid=1500428951&sr=1-12"",""https://www.amazon.com/Amazon-Echo-Case-fits-Generation/dp/B01K9KWA3U/ref=sr_1_16/141-3990536-5572063?s=fiona-hardware&ie=UTF8&qid=1500428951&sr=1-16"",""https://www.amazon.com/Amazon-Echo-Case-fits-Generation/dp/B01K9KWA3U/ref=lp_370783011_1_12/131-2035907-6671563?s=fiona-hardware&ie=UTF8&qid=1500427247&sr=1-12"",""https://www.amazon.com/Amazon-Echo-Case-fits-Generation/dp/B01K9KWA3U/ref=lp_370783011_1_12/130-3302769-4285400?s=fiona-hardware&ie=UTF8&qid=1500428951&sr=1-12"",""https://www.amazon.com/Amazon-Echo-Case-fits-Generation/dp/B01K9KWA3U/ref=sr_1_33/132-1677641-8459202?s=fiona-hardware&ie=UTF8&qid=1498832571&sr=1-33"",""https://www.amazon.com/Amazon-Echo-Case-fits-Generation/dp/B01K9KWA3U/ref=sr_1_49/133-0662908-7019505?s=fiona-hardware&ie=UTF8&qid=1498832574&sr=1-49""]}]",2016-11-28T00:00:00.000Z,,207.0,5.0,"https://www.amazon.com/Amazon-Echo-Case-fits-Generation/dp/B01K9KWA3U/ref=sr_1_18/144-2524480-1433355?s=fiona-hardware&ie=UTF8&qid=1500945240&sr=1-18,https://www.amazon.com/Amazon-Echo-Case-fits-Generation/dp/B01K9KWA3U/ref=sr_1_18/132-5615145-9127409?s=fiona-hardware&ie=UTF8&qid=1500945234&sr=1-18,https://www.amazon.com/Amazon-Echo-Case-fits-Generation/dp/B01K9KWA3U/ref=sr_1_18/133-8378918-9138721?s=fiona-hardware&ie=UTF8&qid=1500944909&sr=1-18,https://www.amazon.com/Amazon-Echo-Case-fits-Generation/dp/B01K9KWA3U/ref=sr_1_18/141-0458241-2772141?s=fiona-hardware&ie=UTF8&qid=1500944905&sr=1-18,https://www.amazon.com/Amazon-Echo-Case-fits-Generation/dp/B01K9KWA3U/ref=lp_370783011_1_12/130-3302769-4285400?s=fiona-hardware&ie=UTF8&qid=1500426735&sr=1-12,https://www.amazon.com/Amazon-Echo-Case-fits-Generation/dp/B01K9KWA3U/ref=lp_370783011_1_12/145-9786222-9510249?s=fiona-hardware&ie=UTF8&qid=1500428951&sr=1-12,https://www.amazon.com/Amazon-Echo-Case-fits-Generation/dp/B01K9KWA3U/ref=sr_1_16/141-3990536-5572063?s=fiona-hardware&ie=UTF8&qid=1500428951&sr=1-16,https://www.amazon.com/Amazon-Echo-Case-fits-Generation/dp/B01K9KWA3U/ref=lp_370783011_1_12/131-2035907-6671563?s=fiona-hardware&ie=UTF8&qid=1500427247&sr=1-12,https://www.amazon.com/Amazon-Echo-Case-fits-Generation/dp/B01K9KWA3U/ref=lp_370783011_1_12/130-3302769-4285400?s=fiona-hardware&ie=UTF8&qid=1500428951&sr=1-12,https://www.amazon.com/Amazon-Echo-Case-fits-Generation/dp/B01K9KWA3U/ref=sr_1_33/132-1677641-8459202?s=fiona-hardware&ie=UTF8&qid=1498832571&sr=1-33,https://www.amazon.com/Amazon-Echo-Case-fits-Generation/dp/B01K9KWA3U/ref=sr_1_49/133-0662908-7019505?s=fiona-hardware&ie=UTF8&qid=1498832574&sr=1-49,https://www.amazon.com/Amazon-Echo-Case-fits-Generation/dp/B01K9KWA3U/ref=sr_1_33/142-1958913-4523847?s=fiona-hardware&ie=UTF8&qid=1498827226&sr=1-33,https://www.amazon.com/Amazon-Echo-Case-fits-Generation/dp/B01K9KWA3U/ref=sr_1_33/132-6827770-3059607?s=fiona-hardware&ie=UTF8&qid=1498827213&sr=1-33","Major fan, didn't buy this because of protection, bought it cause it will blend in to my decor. It is not a skin, so it's not skin tight. Yes it's loose but how often will you grab it and move it. Me maybe once every year.","Major fan, didn't buy this because of protection, ...",,,A.C,,,
AV00lzP7GV-KLJ3ac0uk,B01LW1MS9C,Amazon,Amazon Devices,,2017-07-12T02:18:30Z,2017-08-13T08:28:52Z,,,amazonechodotcasefitsechodot2ndgenerationonlyindigofabric/b01lw1ms9c,,,Amazon Echo Dot Case (fits Echo Dot 2nd Generation only) - Indigo Fabric,"[{""amountMax"":14.99,""amountMin"":14.99,""currency"":""USD"",""dateAdded"":""2017-08-13T08:28:52Z"",""dateSeen"":[""2017-07-25T23:52:21.319Z"",""2017-07-25T23:44:35.149Z"",""2017-07-25T17:21:16.779Z"",""2017-07-25T17:11:57.967Z"",""2017-07-21T02:22:25.987Z"",""2017-07-21T02:04:14.300Z"",""2017-07-21T01:59:26.266Z"",""2017-07-19T02:36:23.091Z"",""2017-07-19T01:49:12.902Z"",""2017-07-21T02:03:59.917Z"",""2017-07-15T12:49:30.983Z"",""2017-07-15T12:38:21.971Z"",""2017-06-30T15:56:59.809Z"",""2017-06-30T15:18:14.718Z""],""isSale"":""false"",""merchant"":""Amazon.com"",""shipping"":""FREE Shipping on orders over USD 25.00"",""sourceURLs"":[""https://www.amazon.com/Amazon-Echo-Case-fits-Generation/dp/B01K9KWA3U/ref=sr_1_18/144-2524480-1433355?s=fiona-hardware&ie=UTF8&qid=1500945240&sr=1-18"",""https://www.amazon.com/Amazon-Echo-Case-fits-Generation/dp/B01K9KWA3U/ref=sr_1_18/132-5615145-9127409?s=fiona-hardware&ie=UTF8&qid=1500945234&sr=1-18"",""https://www.amazon.com/Amazon-Echo-Case-fits-Generation/dp/B01K9KWA3U/ref=sr_1_18/133-8378918-9138721?s=fiona-hardware&ie=UTF8&qid=1500944909&sr=1-18"",""https://www.amazon.com/Amazon-Echo-Case-fits-Generation/dp/B01K9KWA3U/ref=sr_1_18/141-0458241-2772141?s=fiona-hardware&ie=UTF8&qid=1500944905&sr=1-18"",""https://www.amazon.com/Amazon-Echo-Case-fits-Generation/dp/B01K9KWA3U/ref=lp_370783011_1_12/130-3302769-4285400?s=fiona-hardware&ie=UTF8&qid=1500426735&sr=1-12"",""https://www.amazon.com/Amazon-Echo-Case-fits-Generation/dp/B01K9KWA3U/ref=lp_370783011_1_12/145-9786222-9510249?s=fiona-hardware&ie=UTF8&qid=1500428951&sr=1-12"",""https://www.amazon.com/Amazon-Echo-Case-fits-Generation/dp/B01K9KWA3U/ref=sr_1_16/141-3990536-5572063?s=fiona-hardware&ie=UTF8&qid=1500428951&sr=1-16"",""https://www.amazon.com/Amazon-Echo-Case-fits-Generation/dp/B01K9KWA3U/ref=lp_370783011_1_12/131-2035907-6671563?s=fiona-hardware&ie=UTF8&qid=1500427247&sr=1-12"",""https://www.amazon.com/Amazon-Echo-Case-fits-Generation/dp/B01K9KWA3U/ref=lp_370783011_1_12/130-3302769-4285400?s=fiona-hardware&ie=UTF8&qid=1500428951&sr=1-12"",""https://www.amazon.com/Amazon-Echo-Case-fits-Generation/dp/B01K9KWA3U/ref=sr_1_33/132-1677641-8459202?s=fiona-hardware&ie=UTF8&qid=1498832571&sr=1-33"",""https://www.amazon.com/Amazon-Echo-Case-fits-Generation/dp/B01K9KWA3U/ref=sr_1_49/133-0662908-7019505?s=fiona-hardware&ie=UTF8&qid=1498832574&sr=1-49"",""https://www.amazon.com/Amazon-Echo-Case-fits-Generation/dp/B01K9KWA3U/ref=sr_1_33/142-1958913-4523847?s=fiona-hardware&ie=UTF8&qid=1498827226&sr=1-33"",""https://www.amazon.com/Amazon-Echo-Case-fits-Generation/dp/B01K9KWA3U/ref=sr_1_33/132-6827770-3059607?s=fiona-hardware&ie=UTF8&qid=1498827213&sr=1-33""]},{""amountMax"":9.99,""amountMin"":9.99,""currency"":""USD"",""dateAdded"":""2017-08-13T08:28:52Z"",""dateSeen"":[""2017-07-25T23:52:21.319Z"",""2017-07-25T23:44:35.149Z"",""2017-07-25T17:21:16.779Z"",""2017-07-25T17:11:57.967Z"",""2017-07-21T02:22:25.987Z"",""2017-07-21T02:04:14.301Z"",""2017-07-21T01:59:26.267Z"",""2017-07-19T02:36:23.091Z"",""2017-07-19T01:49:12.902Z"",""2017-07-21T02:03:59.917Z"",""2017-07-15T12:49:30.983Z"",""2017-07-15T12:38:21.971Z""],""isSale"":""true"",""merchant"":""Amazon.com"",""shipping"":""FREE Shipping on orders over USD 25.00"",""sourceURLs"":[""https://www.amazon.com/Amazon-Echo-Case-fits-Generation/dp/B01K9KWA3U/ref=sr_1_18/144-2524480-1433355?s=fiona-hardware&ie=UTF8&qid=1500945240&sr=1-18"",""https://www.amazon.com/Amazon-Echo-Case-fits-Generation/dp/B01K9KWA3U/ref=sr_1_18/132-5615145-9127409?s=fiona-hardware&ie=UTF8&qid=1500945234&sr=1-18"",""https://www.amazon.com/Amazon-Echo-Case-fits-Generation/dp/B01K9KWA3U/ref=sr_1_18/133-8378918-9138721?s=fiona-hardware&ie=UTF8&qid=1500944909&sr=1-18"",""https://www.amazon.com/Amazon-Echo-Case-fits-Generation/dp/B01K9KWA3U/ref=sr_1_18/141-0458241-2772141?s=fiona-hardware&ie=UTF8&qid=1500944905&sr=1-18"",""https://www.amazon.com/Amazon-Echo-Case-fits-Generation/dp/B01K9KWA3U/ref=lp_370783011_1_12/130-3302769-4285400?s=fiona-hardware&ie=UTF8&qid=1500426735&sr=1-12"",""https://www.amazon.com/Amazon-Echo-Case-fits-Generation/dp/B01K9KWA3U/ref=lp_370783011_1_12/145-9786222-9510249?s=fiona-hardware&ie=UTF8&qid=1500428951&sr=1-12"",""https://www.amazon.com/Amazon-Echo-Case-fits-Generation/dp/B01K9KWA3U/ref=sr_1_16/141-3990536-5572063?s=fiona-hardware&ie=UTF8&qid=1500428951&sr=1-16"",""https://www.amazon.com/Amazon-Echo-Case-fits-Generation/dp/B01K9KWA3U/ref=lp_370783011_1_12/131-2035907-6671563?s=fiona-hardware&ie=UTF8&qid=1500427247&sr=1-12"",""https://www.amazon.com/Amazon-Echo-Case-fits-Generation/dp/B01K9KWA3U/ref=lp_370783011_1_12/130-3302769-4285400?s=fiona-hardware&ie=UTF8&qid=1500428951&sr=1-12"",""https://www.amazon.com/Amazon-Echo-Case-fits-Generation/dp/B01K9KWA3U/ref=sr_1_33/132-1677641-8459202?s=fiona-hardware&ie=UTF8&qid=1498832571&sr=1-33"",""https://www.amazon.com/Amazon-Echo-Case-fits-Generation/dp/B01K9KWA3U/ref=sr_1_49/133-0662908-7019505?s=fiona-hardware&ie=UTF8&qid=1498832574&sr=1-49""]}]",2016-11-17T00:00:00.000Z,,245.0,3.0,"https://www.amazon.com/Amazon-Echo-Case-fits-Generation/dp/B01K9KWA3U/ref=sr_1_18/144-2524480-1433355?s=fiona-hardware&ie=UTF8&qid=1500945240&sr=1-18,https://www.amazon.com/Amazon-Echo-Case-fits-Generation/dp/B01K9KWA3U/ref=sr_1_18/132-5615145-9127409?s=fiona-hardware&ie=UTF8&qid=1500945234&sr=1-18,https://www.amazon.com/Amazon-Echo-Case-fits-Generation/dp/B01K9KWA3U/ref=sr_1_18/133-8378918-9138721?s=fiona-hardware&ie=UTF8&qid=1500944909&sr=1-18,https://www.amazon.com/Amazon-Echo-Case-fits-Generation/dp/B01K9KWA3U/ref=sr_1_18/141-0458241-2772141?s=fiona-hardware&ie=UTF8&qid=1500944905&sr=1-18,https://www.amazon.com/Amazon-Echo-Case-fits-Generation/dp/B01K9KWA3U/ref=lp_370783011_1_12/130-3302769-4285400?s=fiona-hardware&ie=UTF8&qid=1500426735&sr=1-12,https://www.amazon.com/Amazon-Echo-Case-fits-Generation/dp/B01K9KWA3U/ref=lp_370783011_1_12/145-9786222-9510249?s=fiona-hardware&ie=UTF8&qid=1500428951&sr=1-12,https://www.amazon.com/Amazon-Echo-Case-fits-Generation/dp/B01K9KWA3U/ref=sr_1_16/141-3990536-5572063?s=fiona-hardware&ie=UTF8&qid=1500428951&sr=1-16,https://www.amazon.com/Amazon-Echo-Case-fits-Generation/dp/B01K9KWA3U/ref=lp_370783011_1_12/131-2035907-6671563?s=fiona-hardware&ie=UTF8&qid=1500427247&sr=1-12,https://www.amazon.com/Amazon-Echo-Case-fits-Generation/dp/B01K9KWA3U/ref=lp_370783011_1_12/130-3302769-4285400?s=fiona-hardware&ie=UTF8&qid=1500428951&sr=1-12,https://www.amazon.com/Amazon-Echo-Case-fits-Generation/dp/B01K9KWA3U/ref=sr_1_33/132-1677641-8459202?s=fiona-hardware&ie=UTF8&qid=1498832571&sr=1-33,https://www.amazon.com/Amazon-Echo-Case-fits-Generation/dp/B01K9KWA3U/ref=sr_1_49/133-0662908-7019505?s=fiona-hardware&ie=UTF8&qid=1498832574&sr=1-49,https://www.amazon.com/Amazon-Echo-Case-fits-Generation/dp/B01K9KWA3U/ref=sr_1_33/142-1958913-4523847?s=fiona-hardware&ie=UTF8&qid=1498827226&sr=1-33,https://www.amazon.com/Amazon-Echo-Case-fits-Generation/dp/B01K9KWA3U/ref=sr_1_33/132-6827770-3059607?s=fiona-hardware&ie=UTF8&qid=1498827213&sr=1-33",Like a previous reviewer mentioned it is fabric over hard plastic it is not a snug or tight fit. Good quality though.,Not all fabric or cloth.,,,Vincent Pompei,,,
AV00lzP7GV-KLJ3ac0uk,B01LW1MS9C,Amazon,Amazon Devices,,2017-07-12T02:18:30Z,2017-08-13T08:28:52Z,,,amazonechodotcasefitsechodot2ndgenerationonlyindigofabric/b01lw1ms9c,,,Amazon Echo Dot Case (fits Echo Dot 2nd Generation only) - Indigo Fabric,"[{""amountMax"":14.99,""amountMin"":14.99,""currency"":""USD"",""dateAdded"":""2017-08-13T08:28:52Z"",""dateSeen"":[""2017-07-25T23:52:21.319Z"",""2017-07-25T23:44:35.149Z"",""2017-07-25T17:21:16.779Z"",""2017-07-25T17:11:57.967Z"",""2017-07-21T02:22:25.987Z"",""2017-07-21T02:04:14.300Z"",""2017-07-21T01:59:26.266Z"",""2017-07-19T02:36:23.091Z"",""2017-07-19T01:49:12.902Z"",""2017-07-21T02:03:59.917Z"",""2017-07-15T12:49:30.983Z"",""2017-07-15T12:38:21.971Z"",""2017-06-30T15:56:59.809Z"",""2017-06-30T15:18:14.718Z""],""isSale"":""false"",""merchant"":""Amazon.com"",""shipping"":""FREE Shipping on orders over USD 25.00"",""sourceURLs"":[""https://www.amazon.com/Amazon-Echo-Case-fits-Generation/dp/B01K9KWA3U/ref=sr_1_18/144-2524480-1433355?s=fiona-hardware&ie=UTF8&qid=1500945240&sr=1-18"",""https://www.amazon.com/Amazon-Echo-Case-fits-Generation/dp/B01K9KWA3U/ref=sr_1_18/132-5615145-9127409?s=fiona-hardware&ie=UTF8&qid=1500945234&sr=1-18"",""https://www.amazon.com/Amazon-Echo-Case-fits-Generation/dp/B01K9KWA3U/ref=sr_1_18/133-8378918-9138721?s=fiona-hardware&ie=UTF8&qid=1500944909&sr=1-18"",""https://www.amazon.com/Amazon-Echo-Case-fits-Generation/dp/B01K9KWA3U/ref=sr_1_18/141-0458241-2772141?s=fiona-hardware&ie=UTF8&qid=1500944905&sr=1-18"",""https://www.amazon.com/Amazon-Echo-Case-fits-Generation/dp/B01K9KWA3U/ref=lp_370783011_1_12/130-3302769-4285400?s=fiona-hardware&ie=UTF8&qid=1500426735&sr=1-12"",""https://www.amazon.com/Amazon-Echo-Case-fits-Generation/dp/B01K9KWA3U/ref=lp_370783011_1_12/145-9786222-9510249?s=fiona-hardware&ie=UTF8&qid=1500428951&sr=1-12"",""https://www.amazon.com/Amazon-Echo-Case-fits-Generation/dp/B01K9KWA3U/ref=sr_1_16/141-3990536-5572063?s=fiona-hardware&ie=UTF8&qid=1500428951&sr=1-16"",""https://www.amazon.com/Amazon-Echo-Case-fits-Generation/dp/B01K9KWA3U/ref=lp_370783011_1_12/131-2035907-6671563?s=fiona-hardware&ie=UTF8&qid=1500427247&sr=1-12"",""https://www.amazon.com/Amazon-Echo-Case-fits-Generation/dp/B01K9KWA3U/ref=lp_370783011_1_12/130-3302769-4285400?s=fiona-hardware&ie=UTF8&qid=1500428951&sr=1-12"",""https://www.amazon.com/Amazon-Echo-Case-fits-Generation/dp/B01K9KWA3U/ref=sr_1_33/132-1677641-8459202?s=fiona-hardware&ie=UTF8&qid=1498832571&sr=1-33"",""https://www.amazon.com/Amazon-Echo-Case-fits-Generation/dp/B01K9KWA3U/ref=sr_1_49/133-0662908-7019505?s=fiona-hardware&ie=UTF8&qid=1498832574&sr=1-49"",""https://www.amazon.com/Amazon-Echo-Case-fits-Generation/dp/B01K9KWA3U/ref=sr_1_33/142-1958913-4523847?s=fiona-hardware&ie=UTF8&qid=1498827226&sr=1-33"",""https://www.amazon.com/Amazon-Echo-Case-fits-Generation/dp/B01K9KWA3U/ref=sr_1_33/132-6827770-3059607?s=fiona-hardware&ie=UTF8&qid=1498827213&sr=1-33""]},{""amountMax"":9.99,""amountMin"":9.99,""currency"":""USD"",""dateAdded"":""2017-08-13T08:28:52Z"",""dateSeen"":[""2017-07-25T23:52:21.319Z"",""2017-07-25T23:44:35.149Z"",""2017-07-25T17:21:16.779Z"",""2017-07-25T17:11:57.967Z"",""2017-07-21T02:22:25.987Z"",""2017-07-21T02:04:14.301Z"",""2017-07-21T01:59:26.267Z"",""2017-07-19T02:36:23.091Z"",""2017-07-19T01:49:12.902Z"",""2017-07-21T02:03:59.917Z"",""2017-07-15T12:49:30.983Z"",""2017-07-15T12:38:21.971Z""],""isSale"":""true"",""merchant"":""Amazon.com"",""shipping"":""FREE Shipping on orders over USD 25.00"",""sourceURLs"":[""https://www.amazon.com/Amazon-Echo-Case-fits-Generation/dp/B01K9KWA3U/ref=sr_1_18/144-2524480-1433355?s=fiona-hardware&ie=UTF8&qid=1500945240&sr=1-18"",""https://www.amazon.com/Amazon-Echo-Case-fits-Generation/dp/B01K9KWA3U/ref=sr_1_18/132-5615145-9127409?s=fiona-hardware&ie=UTF8&qid=1500945234&sr=1-18"",""https://www.amazon.com/Amazon-Echo-Case-fits-Generation/dp/B01K9KWA3U/ref=sr_1_18/133-8378918-9138721?s=fiona-hardware&ie=UTF8&qid=1500944909&sr=1-18"",""https://www.amazon.com/Amazon-Echo-Case-fits-Generation/dp/B01K9KWA3U/ref=sr_1_18/141-0458241-2772141?s=fiona-hardware&ie=UTF8&qid=1500944905&sr=1-18"",""https://www.amazon.com/Amazon-Echo-Case-fits-Generation/dp/B01K9KWA3U/ref=lp_370783011_1_12/130-3302769-4285400?s=fiona-hardware&ie=UTF8&qid=1500426735&sr=1-12"",""https://www.amazon.com/Amazon-Echo-Case-fits-Generation/dp/B01K9KWA3U/ref=lp_370783011_1_12/145-9786222-9510249?s=fiona-hardware&ie=UTF8&qid=1500428951&sr=1-12"",""https://www.amazon.com/Amazon-Echo-Case-fits-Generation/dp/B01K9KWA3U/ref=sr_1_16/141-3990536-5572063?s=fiona-hardware&ie=UTF8&qid=1500428951&sr=1-16"",""https://www.amazon.com/Amazon-Echo-Case-fits-Generation/dp/B01K9KWA3U/ref=lp_370783011_1_12/131-2035907-6671563?s=fiona-hardware&ie=UTF8&qid=1500427247&sr=1-12"",""https://www.amazon.com/Amazon-Echo-Case-fits-Generation/dp/B01K9KWA3U/ref=lp_370783011_1_12/130-3302769-4285400?s=fiona-hardware&ie=UTF8&qid=1500428951&sr=1-12"",""https://www.amazon.com/Amazon-Echo-Case-fits-Generation/dp/B01K9KWA3U/ref=sr_1_33/132-1677641-8459202?s=fiona-hardware&ie=UTF8&qid=1498832571&sr=1-33"",""https://www.amazon.com/Amazon-Echo-Case-fits-Generation/dp/B01K9KWA3U/ref=sr_1_49/133-0662908-7019505?s=fiona-hardware&ie=UTF8&qid=1498832574&sr=1-49""]}]",2017-04-20T00:00:00.000Z,,43.0,5.0,"https://www.amazon.com/Amazon-Echo-Case-fits-Generation/dp/B01K9KWA3U/ref=sr_1_18/144-2524480-1433355?s=fiona-hardware&ie=UTF8&qid=1500945240&sr=1-18,https://www.amazon.com/Amazon-Echo-Case-fits-Generation/dp/B01K9KWA3U/ref=sr_1_18/132-5615145-9127409?s=fiona-hardware&ie=UTF8&qid=1500945234&sr=1-18,https://www.amazon.com/Amazon-Echo-Case-fits-Generation/dp/B01K9KWA3U/ref=sr_1_18/133-8378918-9138721?s=fiona-hardware&ie=UTF8&qid=1500944909&sr=1-18,https://www.amazon.com/Amazon-Echo-Case-fits-Generation/dp/B01K9KWA3U/ref=sr_1_18/141-0458241-2772141?s=fiona-hardware&ie=UTF8&qid=1500944905&sr=1-18,https://www.amazon.com/Amazon-Echo-Case-fits-Generation/dp/B01K9KWA3U/ref=lp_370783011_1_12/130-3302769-4285400?s=fiona-hardware&ie=UTF8&qid=1500426735&sr=1-12,https://www.amazon.com/Amazon-Echo-Case-fits-Generation/dp/B01K9KWA3U/ref=lp_370783011_1_12/145-9786222-9510249?s=fiona-hardware&ie=UTF8&qid=1500428951&sr=1-12,https://www.amazon.com/Amazon-Echo-Case-fits-Generation/dp/B01K9KWA3U/ref=sr_1_16/141-3990536-5572063?s=fiona-hardware&ie=UTF8&qid=1500428951&sr=1-16,https://www.amazon.com/Amazon-Echo-Case-fits-Generation/dp/B01K9KWA3U/ref=lp_370783011_1_12/131-2035907-6671563?s=fiona-hardware&ie=UTF8&qid=1500427247&sr=1-12,https://www.amazon.com/Amazon-Echo-Case-fits-Generation/dp/B01K9KWA3U/ref=lp_370783011_1_12/130-3302769-4285400?s=fiona-hardware&ie=UTF8&qid=1500428951&sr=1-12,https://www.amazon.com/Amazon-Echo-Case-fits-Generation/dp/B01K9KWA3U/ref=sr_1_33/132-1677641-8459202?s=fiona-hardware&ie=UTF8&qid=1498832571&sr=1-33,https://www.amazon.com/Amazon-Echo-Case-fits-Generation/dp/B01K9KWA3U/ref=sr_1_49/133-0662908-7019505?s=fiona-hardware&ie=UTF8&qid=1498832574&sr=1-49,https://www.amazon.com/Amazon-Echo-Case-fits-Generation/dp/B01K9KWA3U/ref=sr_1_33/142-1958913-4523847?s=fiona-hardware&ie=UTF8&qid=1498827226&sr=1-33,https://www.amazon.com/Amazon-Echo-Case-fits-Generation/dp/B01K9KWA3U/ref=sr_1_33/132-6827770-3059607?s=fiona-hardware&ie=UTF8&qid=1498827213&sr=1-33","Echo Dot in my GMC Sierra Denali. At first she was just there with no support. She sat in that hole with no protection. Shifting, jiggling not knowing what can happen. There has to be something I can do. I looked and search and what I found is the Fabric Case for Alexa. This is it! A support she will be happy to wear. No more accidental popping out, no more shifting and readjusting, she is finally safe.",She loves it,,,Bob,,,
AV00lzP7GV-KLJ3ac0uk,B01LW1MS9C,Amazon,Amazon Devices,,2017-07-12T02:18:30Z,2017-08-13T08:28:52Z,,,amazonechodotcasefitsechodot2ndgenerationonlyindigofabric/b01lw1ms9c,,,Amazon Echo Dot Case (fits Echo Dot 2nd Generation only) - Indigo Fabric,"[{""amountMax"":14.99,""amountMin"":14.99,""currency"":""USD"",""dateAdded"":""2017-08-13T08:28:52Z"",""dateSeen"":[""2017-07-25T23:52:21.319Z"",""2017-07-25T23:44:35.149Z"",""2017-07-25T17:21:16.779Z"",""2017-07-25T17:11:57.967Z"",""2017-07-21T02:22:25.987Z"",""2017-07-21T02:04:14.300Z"",""2017-07-21T01:59:26.266Z"",""2017-07-19T02:36:23.091Z"",""2017-07-19T01:49:12.902Z"",""2017-07-21T02:03:59.917Z"",""2017-07-15T12:49:30.983Z"",""2017-07-15T12:38:21.971Z"",""2017-06-30T15:56:59.809Z"",""2017-06-30T15:18:14.718Z""],""isSale"":""false"",""merchant"":""Amazon.com"",""shipping"":""FREE Shipping on orders over USD 25.00"",""sourceURLs"":[""https://www.amazon.com/Amazon-Echo-Case-fits-Generation/dp/B01K9KWA3U/ref=sr_1_18/144-2524480-1433355?s=fiona-hardware&ie=UTF8&qid=1500945240&sr=1-18"",""https://www.amazon.com/Amazon-Echo-Case-fits-Generation/dp/B01K9KWA3U/ref=sr_1_18/132-5615145-9127409?s=fiona-hardware&ie=UTF8&qid=1500945234&sr=1-18"",""https://www.amazon.com/Amazon-Echo-Case-fits-Generation/dp/B01K9KWA3U/ref=sr_1_18/133-8378918-9138721?s=fiona-hardware&ie=UTF8&qid=1500944909&sr=1-18"",""https://www.amazon.com/Amazon-Echo-Case-fits-Generation/dp/B01K9KWA3U/ref=sr_1_18/141-0458241-2772141?s=fiona-hardware&ie=UTF8&qid=1500944905&sr=1-18"",""https://www.amazon.com/Amazon-Echo-Case-fits-Generation/dp/B01K9KWA3U/ref=lp_370783011_1_12/130-3302769-4285400?s=fiona-hardware&ie=UTF8&qid=1500426735&sr=1-12"",""https://www.amazon.com/Amazon-Echo-Case-fits-Generation/dp/B01K9KWA3U/ref=lp_370783011_1_12/145-9786222-9510249?s=fiona-hardware&ie=UTF8&qid=1500428951&sr=1-12"",""https://www.amazon.com/Amazon-Echo-Case-fits-Generation/dp/B01K9KWA3U/ref=sr_1_16/141-3990536-5572063?s=fiona-hardware&ie=UTF8&qid=1500428951&sr=1-16"",""https://www.amazon.com/Amazon-Echo-Case-fits-Generation/dp/B01K9KWA3U/ref=lp_370783011_1_12/131-2035907-6671563?s=fiona-hardware&ie=UTF8&qid=1500427247&sr=1-12"",""https://www.amazon.com/Amazon-Echo-Case-fits-Generation/dp/B01K9KWA3U/ref=lp_370783011_1_12/130-3302769-4285400?s=fiona-hardware&ie=UTF8&qid=1500428951&sr=1-12"",""https://www.amazon.com/Amazon-Echo-Case-fits-Generation/dp/B01K9KWA3U/ref=sr_1_33/132-1677641-8459202?s=fiona-hardware&ie=UTF8&qid=1498832571&sr=1-33"",""https://www.amazon.com/Amazon-Echo-Case-fits-Generation/dp/B01K9KWA3U/ref=sr_1_49/133-0662908-7019505?s=fiona-hardware&ie=UTF8&qid=1498832574&sr=1-49"",""https://www.amazon.com/Amazon-Echo-Case-fits-Generation/dp/B01K9KWA3U/ref=sr_1_33/142-1958913-4523847?s=fiona-hardware&ie=UTF8&qid=1498827226&sr=1-33"",""https://www.amazon.com/Amazon-Echo-Case-fits-Generation/dp/B01K9KWA3U/ref=sr_1_33/132-6827770-3059607?s=fiona-hardware&ie=UTF8&qid=1498827213&sr=1-33""]},{""amountMax"":9.99,""amountMin"":9.99,""currency"":""USD"",""dateAdded"":""2017-08-13T08:28:52Z"",""dateSeen"":[""2017-07-25T23:52:21.319Z"",""2017-07-25T23:44:35.149Z"",""2017-07-25T17:21:16.779Z"",""2017-07-25T17:11:57.967Z"",""2017-07-21T02:22:25.987Z"",""2017-07-21T02:04:14.301Z"",""2017-07-21T01:59:26.267Z"",""2017-07-19T02:36:23.091Z"",""2017-07-19T01:49:12.902Z"",""2017-07-21T02:03:59.917Z"",""2017-07-15T12:49:30.983Z"",""2017-07-15T12:38:21.971Z""],""isSale"":""true"",""merchant"":""Amazon.com"",""shipping"":""FREE Shipping on orders over USD 25.00"",""sourceURLs"":[""https://www.amazon.com/Amazon-Echo-Case-fits-Generation/dp/B01K9KWA3U/ref=sr_1_18/144-2524480-1433355?s=fiona-hardware&ie=UTF8&qid=1500945240&sr=1-18"",""https://www.amazon.com/Amazon-Echo-Case-fits-Generation/dp/B01K9KWA3U/ref=sr_1_18/132-5615145-9127409?s=fiona-hardware&ie=UTF8&qid=1500945234&sr=1-18"",""https://www.amazon.com/Amazon-Echo-Case-fits-Generation/dp/B01K9KWA3U/ref=sr_1_18/133-8378918-9138721?s=fiona-hardware&ie=UTF8&qid=1500944909&sr=1-18"",""https://www.amazon.com/Amazon-Echo-Case-fits-Generation/dp/B01K9KWA3U/ref=sr_1_18/141-0458241-2772141?s=fiona-hardware&ie=UTF8&qid=1500944905&sr=1-18"",""https://www.amazon.com/Amazon-Echo-Case-fits-Generation/dp/B01K9KWA3U/ref=lp_370783011_1_12/130-3302769-4285400?s=fiona-hardware&ie=UTF8&qid=1500426735&sr=1-12"",""https://www.amazon.com/Amazon-Echo-Case-fits-Generation/dp/B01K9KWA3U/ref=lp_370783011_1_12/145-9786222-9510249?s=fiona-hardware&ie=UTF8&qid=1500428951&sr=1-12"",""https://www.amazon.com/Amazon-Echo-Case-fits-Generation/dp/B01K9KWA3U/ref=sr_1_16/141-3990536-5572063?s=fiona-hardware&ie=UTF8&qid=1500428951&sr=1-16"",""https://www.amazon.com/Amazon-Echo-Case-fits-Generation/dp/B01K9KWA3U/ref=lp_370783011_1_12/131-2035907-6671563?s=fiona-hardware&ie=UTF8&qid=1500427247&sr=1-12"",""https://www.amazon.com/Amazon-Echo-Case-fits-Generation/dp/B01K9KWA3U/ref=lp_370783011_1_12/130-3302769-4285400?s=fiona-hardware&ie=UTF8&qid=1500428951&sr=1-12"",""https://www.amazon.com/Amazon-Echo-Case-fits-Generation/dp/B01K9KWA3U/ref=sr_1_33/132-1677641-8459202?s=fiona-hardware&ie=UTF8&qid=1498832571&sr=1-33"",""https://www.amazon.com/Amazon-Echo-Case-fits-Generation/dp/B01K9KWA3U/ref=sr_1_49/133-0662908-7019505?s=fiona-hardware&ie=UTF8&qid=1498832574&sr=1-49""]}]",2017-01-12T00:00:00.000Z,,14.0,5.0,"https://www.amazon.com/Amazon-Echo-Case-fits-Generation/dp/B01K9KWA3U/ref=sr_1_18/144-2524480-1433355?s=fiona-hardware&ie=UTF8&qid=1500945240&sr=1-18,https://www.amazon.com/Amazon-Echo-Case-fits-Generation/dp/B01K9KWA3U/ref=sr_1_18/132-5615145-9127409?s=fiona-hardware&ie=UTF8&qid=1500945234&sr=1-18,https://www.amazon.com/Amazon-Echo-Case-fits-Generation/dp/B01K9KWA3U/ref=sr_1_18/133-8378918-9138721?s=fiona-hardware&ie=UTF8&qid=1500944909&sr=1-18,https://www.amazon.com/Amazon-Echo-Case-fits-Generation/dp/B01K9KWA3U/ref=sr_1_18/141-0458241-2772141?s=fiona-hardware&ie=UTF8&qid=1500944905&sr=1-18,https://www.amazon.com/Amazon-Echo-Case-fits-Generation/dp/B01K9KWA3U/ref=lp_370783011_1_12/130-3302769-4285400?s=fiona-hardware&ie=UTF8&qid=1500426735&sr=1-12,https://www.amazon.com/Amazon-Echo-Case-fits-Generation/dp/B01K9KWA3U/ref=lp_370783011_1_12/145-9786222-9510249?s=fiona-hardware&ie=UTF8&qid=1500428951&sr=1-12,https://www.amazon.com/Amazon-Echo-Case-fits-Generation/dp/B01K9KWA3U/ref=sr_1_16/141-3990536-5572063?s=fiona-hardware&ie=UTF8&qid=1500428951&sr=1-16,https://www.amazon.com/Amazon-Echo-Case-fits-Generation/dp/B01K9KWA3U/ref=lp_370783011_1_12/131-2035907-6671563?s=fiona-hardware&ie=UTF8&qid=1500427247&sr=1-12,https://www.amazon.com/Amazon-Echo-Case-fits-Generation/dp/B01K9KWA3U/ref=lp_370783011_1_12/130-3302769-4285400?s=fiona-hardware&ie=UTF8&qid=1500428951&sr=1-12,https://www.amazon.com/Amazon-Echo-Case-fits-Generation/dp/B01K9KWA3U/ref=sr_1_33/132-1677641-8459202?s=fiona-hardware&ie=UTF8&qid=1498832571&sr=1-33,https://www.amazon.com/Amazon-Echo-Case-fits-Generation/dp/B01K9KWA3U/ref=sr_1_49/133-0662908-7019505?s=fiona-hardware&ie=UTF8&qid=1498832574&sr=1-49,https://www.amazon.com/Amazon-Echo-Case-fits-Generation/dp/B01K9KWA3U/ref=sr_1_33/142-1958913-4523847?s=fiona-hardware&ie=UTF8&qid=1498827226&sr=1-33,https://www.amazon.com/Amazon-Echo-Case-fits-Generation/dp/B01K9KWA3U/ref=sr_1_33/132-6827770-3059607?s=fiona-hardware&ie=UTF8&qid=1498827213&sr=1-33",Changes the whole look of the Echo ... after i purchased i think i should have gone with the tan leather. But blue is my favorite color and it adds a bit of a pop to a mundane looking black disk! The texture is also really nice feel and look to it!,Great pop of color for a bland looking product!,,,JB 85,,,
